23:46:43.034 [main] DEBUG com.intuit.karate.Suite - [config] classpath:karate-config.js
23:46:44.881 [pool-2-thread-4] INFO  com.intuit.karate - karate.env system property was: null 
23:46:44.882 [pool-2-thread-3] INFO  com.intuit.karate - karate.env system property was: null 
23:46:44.881 [pool-2-thread-1] INFO  com.intuit.karate - karate.env system property was: null 
23:46:44.881 [pool-2-thread-2] INFO  com.intuit.karate - karate.env system property was: null 
23:46:44.881 [pool-2-thread-5] INFO  com.intuit.karate - karate.env system property was: null 
23:46:45.841 [pool-2-thread-1] DEBUG com.intuit.karate - request:
1 > GET https://jsonplaceholder.typicode.com/users
1 > Content-Type: application/json
1 > Host: jsonplaceholder.typicode.com
1 > Connection: Keep-Alive
1 > User-Agent: Apache-HttpClient/4.5.14 (Java/17.0.4)
1 > Accept-Encoding: gzip,deflate


23:46:45.842 [pool-2-thread-3] DEBUG com.intuit.karate - request:
1 > POST https://jsonplaceholder.typicode.com/users
1 > Content-Type: application/json; charset=UTF-8
1 > Content-Length: 160
1 > Host: jsonplaceholder.typicode.com
1 > Connection: Keep-Alive
1 > User-Agent: Apache-HttpClient/4.5.14 (Java/17.0.4)
1 > Accept-Encoding: gzip,deflate
{"name":"Alice Smith","username":"alices","email":"alice@mail.com","address":{"street":"Maple Street","suite":"Suite 45B","city":"Lima","zipcode":"11111-2222"}}

23:46:45.856 [pool-2-thread-4] DEBUG com.intuit.karate - request:
1 > POST https://jsonplaceholder.typicode.com/users
1 > Content-Type: application/json; charset=UTF-8
1 > Content-Length: 152
1 > Host: jsonplaceholder.typicode.com
1 > Connection: Keep-Alive
1 > User-Agent: Apache-HttpClient/4.5.14 (Java/17.0.4)
1 > Accept-Encoding: gzip,deflate
{"name":"Bob Johnson","username":"bobj","email":"bob@work.net","address":{"street":"Oak Avenue","suite":"Apt. 7A","city":"Lima","zipcode":"22222-3333"}}

23:46:45.857 [pool-2-thread-5] DEBUG com.intuit.karate - request:
1 > POST https://jsonplaceholder.typicode.com/users
1 > Content-Type: application/json; charset=UTF-8
1 > Content-Length: 158
1 > Host: jsonplaceholder.typicode.com
1 > Connection: Keep-Alive
1 > User-Agent: Apache-HttpClient/4.5.14 (Java/17.0.4)
1 > Accept-Encoding: gzip,deflate
{"name":"Carla Lopez","username":"carlal","email":"carla@example.org","address":{"street":"Pine Road","suite":"Block 9","city":"Lima","zipcode":"33333-4444"}}

23:46:45.858 [pool-2-thread-2] DEBUG com.intuit.karate - request:
1 > POST https://jsonplaceholder.typicode.com/users
1 > Content-Type: application/json; charset=UTF-8
1 > Content-Length: 157
1 > Host: jsonplaceholder.typicode.com
1 > Connection: Keep-Alive
1 > User-Agent: Apache-HttpClient/4.5.14 (Java/17.0.4)
1 > Accept-Encoding: gzip,deflate
{"name":"Test User","username":"testuser","email":"test@user.com","address":{"street":"Has No Name","suite":"Apt. 123","city":"Lima","zipcode":"54321-6789"}}

23:46:46.597 [pool-2-thread-2] DEBUG com.intuit.karate - response time in milliseconds: 734
1 < 201
1 < Date: Fri, 22 Aug 2025 04:46:46 GMT
1 < Content-Type: application/json; charset=utf-8
1 < Content-Length: 213
1 < Connection: keep-alive
1 < Access-Control-Allow-Credentials: true
1 < Access-Control-Expose-Headers: Location
1 < Cache-Control: no-cache
1 < Etag: W/"d5-lobPlkA2OG3FD/7HF6E+d2XgrU0"
1 < Expires: -1
1 < Location: https://jsonplaceholder.typicode.com/users/11
1 < Nel: {"report_to":"heroku-nel","response_headers":["Via"],"max_age":3600,"success_fraction":0.01,"failure_fraction":0.1}
1 < Pragma: no-cache
1 < Report-To: {"group":"heroku-nel","endpoints":[{"url":"https://nel.heroku.com/reports?s=uzp5fegLlIyP6Zxfrtw6cHhOGWMfBdfIWK8NyOcS8nc%3D\u0026sid=e11707d5-02a7-43ef-b45e-2cf4d2036f7d\u0026ts=1755838006"}],"max_age":3600}
1 < Reporting-Endpoints: heroku-nel="https://nel.heroku.com/reports?s=uzp5fegLlIyP6Zxfrtw6cHhOGWMfBdfIWK8NyOcS8nc%3D&sid=e11707d5-02a7-43ef-b45e-2cf4d2036f7d&ts=1755838006"
1 < Server: cloudflare
1 < Vary: Origin, X-HTTP-Method-Override, Accept-Encoding
1 < Via: 2.0 heroku-router
1 < X-Content-Type-Options: nosniff
1 < X-Powered-By: Express
1 < X-Ratelimit-Limit: 1000
1 < X-Ratelimit-Remaining: 998
1 < X-Ratelimit-Reset: 1755838042
1 < Cf-Cache-Status: DYNAMIC
1 < Server-Timing: cfCacheStatus;desc="DYNAMIC"
1 < Server-Timing: cfEdge;dur=3,cfOrigin;dur=4
1 < CF-RAY: 972fba732d19aa2d-IAD
1 < alt-svc: h3=":443"; ma=86400
{
  "name": "Test User",
  "username": "testuser",
  "email": "test@user.com",
  "address": {
    "street": "Has No Name",
    "suite": "Apt. 123",
    "city": "Lima",
    "zipcode": "54321-6789"
  },
  "id": 11
}

23:46:46.597 [pool-2-thread-5] DEBUG com.intuit.karate - response time in milliseconds: 736
1 < 201
1 < Date: Fri, 22 Aug 2025 04:46:46 GMT
1 < Content-Type: application/json; charset=utf-8
1 < Content-Length: 214
1 < Connection: keep-alive
1 < Access-Control-Allow-Credentials: true
1 < Access-Control-Expose-Headers: Location
1 < Cache-Control: no-cache
1 < Etag: W/"d6-XEZ+S344nNCUUY5Hwx2a0BaWvsE"
1 < Expires: -1
1 < Location: https://jsonplaceholder.typicode.com/users/11
1 < Nel: {"report_to":"heroku-nel","response_headers":["Via"],"max_age":3600,"success_fraction":0.01,"failure_fraction":0.1}
1 < Pragma: no-cache
1 < Report-To: {"group":"heroku-nel","endpoints":[{"url":"https://nel.heroku.com/reports?s=uzp5fegLlIyP6Zxfrtw6cHhOGWMfBdfIWK8NyOcS8nc%3D\u0026sid=e11707d5-02a7-43ef-b45e-2cf4d2036f7d\u0026ts=1755838006"}],"max_age":3600}
1 < Reporting-Endpoints: heroku-nel="https://nel.heroku.com/reports?s=uzp5fegLlIyP6Zxfrtw6cHhOGWMfBdfIWK8NyOcS8nc%3D&sid=e11707d5-02a7-43ef-b45e-2cf4d2036f7d&ts=1755838006"
1 < Server: cloudflare
1 < Vary: Origin, X-HTTP-Method-Override, Accept-Encoding
1 < Via: 2.0 heroku-router
1 < X-Content-Type-Options: nosniff
1 < X-Powered-By: Express
1 < X-Ratelimit-Limit: 1000
1 < X-Ratelimit-Remaining: 999
1 < X-Ratelimit-Reset: 1755838042
1 < Cf-Cache-Status: DYNAMIC
1 < Server-Timing: cfCacheStatus;desc="DYNAMIC"
1 < Server-Timing: cfEdge;dur=4,cfOrigin;dur=5
1 < CF-RAY: 972fba732dc9b90a-IAD
1 < alt-svc: h3=":443"; ma=86400
{
  "name": "Carla Lopez",
  "username": "carlal",
  "email": "carla@example.org",
  "address": {
    "street": "Pine Road",
    "suite": "Block 9",
    "city": "Lima",
    "zipcode": "33333-4444"
  },
  "id": 11
}

23:46:46.597 [pool-2-thread-4] DEBUG com.intuit.karate - response time in milliseconds: 739
1 < 201
1 < Date: Fri, 22 Aug 2025 04:46:46 GMT
1 < Content-Type: application/json; charset=utf-8
1 < Content-Length: 208
1 < Connection: keep-alive
1 < Access-Control-Allow-Credentials: true
1 < Access-Control-Expose-Headers: Location
1 < Cache-Control: no-cache
1 < Etag: W/"d0-q0jOsLfytlvVlcU6mAJCpHX0Pd4"
1 < Expires: -1
1 < Location: https://jsonplaceholder.typicode.com/users/11
1 < Nel: {"report_to":"heroku-nel","response_headers":["Via"],"max_age":3600,"success_fraction":0.01,"failure_fraction":0.1}
1 < Pragma: no-cache
1 < Report-To: {"group":"heroku-nel","endpoints":[{"url":"https://nel.heroku.com/reports?s=uzp5fegLlIyP6Zxfrtw6cHhOGWMfBdfIWK8NyOcS8nc%3D\u0026sid=e11707d5-02a7-43ef-b45e-2cf4d2036f7d\u0026ts=1755838006"}],"max_age":3600}
1 < Reporting-Endpoints: heroku-nel="https://nel.heroku.com/reports?s=uzp5fegLlIyP6Zxfrtw6cHhOGWMfBdfIWK8NyOcS8nc%3D&sid=e11707d5-02a7-43ef-b45e-2cf4d2036f7d&ts=1755838006"
1 < Server: cloudflare
1 < Vary: Origin, X-HTTP-Method-Override, Accept-Encoding
1 < Via: 2.0 heroku-router
1 < X-Content-Type-Options: nosniff
1 < X-Powered-By: Express
1 < X-Ratelimit-Limit: 1000
1 < X-Ratelimit-Remaining: 997
1 < X-Ratelimit-Reset: 1755838042
1 < Cf-Cache-Status: DYNAMIC
1 < Server-Timing: cfCacheStatus;desc="DYNAMIC"
1 < Server-Timing: cfEdge;dur=3,cfOrigin;dur=15
1 < CF-RAY: 972fba73282f1f6d-IAD
1 < alt-svc: h3=":443"; ma=86400
{
  "name": "Bob Johnson",
  "username": "bobj",
  "email": "bob@work.net",
  "address": {
    "street": "Oak Avenue",
    "suite": "Apt. 7A",
    "city": "Lima",
    "zipcode": "22222-3333"
  },
  "id": 11
}

23:46:46.603 [pool-2-thread-2] INFO  com.intuit.karate - [print] request body:  {
  "name": "Test User",
  "username": "testuser",
  "email": "test@user.com",
  "address": {
    "street": "Has No Name",
    "suite": "Apt. 123",
    "city": "Lima",
    "zipcode": "54321-6789"
  }
}
 
23:46:46.603 [pool-2-thread-5] INFO  com.intuit.karate - [print] request body:  {
  "name": "Carla Lopez",
  "username": "carlal",
  "email": "carla@example.org",
  "address": {
    "street": "Pine Road",
    "suite": "Block 9",
    "city": "Lima",
    "zipcode": "33333-4444"
  }
}
 
23:46:46.603 [pool-2-thread-4] INFO  com.intuit.karate - [print] request body:  {
  "name": "Bob Johnson",
  "username": "bobj",
  "email": "bob@work.net",
  "address": {
    "street": "Oak Avenue",
    "suite": "Apt. 7A",
    "city": "Lima",
    "zipcode": "22222-3333"
  }
}
 
23:46:46.605 [pool-2-thread-5] INFO  com.intuit.karate - [print] response:  {
  "name": "Carla Lopez",
  "username": "carlal",
  "email": "carla@example.org",
  "address": {
    "street": "Pine Road",
    "suite": "Block 9",
    "city": "Lima",
    "zipcode": "33333-4444"
  },
  "id": 11
}
 
23:46:46.605 [pool-2-thread-2] INFO  com.intuit.karate - [print] response:  {
  "name": "Test User",
  "username": "testuser",
  "email": "test@user.com",
  "address": {
    "street": "Has No Name",
    "suite": "Apt. 123",
    "city": "Lima",
    "zipcode": "54321-6789"
  },
  "id": 11
}
 
23:46:46.606 [pool-2-thread-4] INFO  com.intuit.karate - [print] response:  {
  "name": "Bob Johnson",
  "username": "bobj",
  "email": "bob@work.net",
  "address": {
    "street": "Oak Avenue",
    "suite": "Apt. 7A",
    "city": "Lima",
    "zipcode": "22222-3333"
  },
  "id": 11
}
 
23:46:46.613 [pool-2-thread-2] INFO  com.intuit.karate - [print] created id is:  11 
23:46:46.613 [pool-2-thread-5] INFO  com.intuit.karate - [print] created id is:  11 
23:46:46.613 [pool-2-thread-4] INFO  com.intuit.karate - [print] created id is:  11 
23:46:46.628 [pool-2-thread-2] INFO  com.intuit.karate - karate.env system property was: null 
23:46:46.638 [pool-2-thread-2] DEBUG com.intuit.karate - request:
1 > POST https://jsonplaceholder.typicode.com/users
1 > Content-Type: application/json; charset=UTF-8
1 > Content-Length: 161
1 > Host: jsonplaceholder.typicode.com
1 > Connection: Keep-Alive
1 > User-Agent: Apache-HttpClient/4.5.14 (Java/17.0.4)
1 > Accept-Encoding: gzip,deflate
{"name":"David Kim","username":"dkim2025","email":"david.kim@test.io","address":{"street":"Cedar Drive","suite":"Floor 12","city":"Lima","zipcode":"44444-5555"}}

23:46:46.742 [pool-2-thread-3] DEBUG com.intuit.karate - response time in milliseconds: 894
1 < 201
1 < Date: Fri, 22 Aug 2025 04:46:46 GMT
1 < Content-Type: application/json; charset=utf-8
1 < Content-Length: 216
1 < Connection: keep-alive
1 < Access-Control-Allow-Credentials: true
1 < Access-Control-Expose-Headers: Location
1 < Cache-Control: no-cache
1 < Etag: W/"d8-++GD30o/Hin3zroIPbg9/sHhHXg"
1 < Expires: -1
1 < Location: https://jsonplaceholder.typicode.com/users/11
1 < Nel: {"report_to":"heroku-nel","response_headers":["Via"],"max_age":3600,"success_fraction":0.01,"failure_fraction":0.1}
1 < Pragma: no-cache
1 < Report-To: {"group":"heroku-nel","endpoints":[{"url":"https://nel.heroku.com/reports?s=uzp5fegLlIyP6Zxfrtw6cHhOGWMfBdfIWK8NyOcS8nc%3D\u0026sid=e11707d5-02a7-43ef-b45e-2cf4d2036f7d\u0026ts=1755838006"}],"max_age":3600}
1 < Reporting-Endpoints: heroku-nel="https://nel.heroku.com/reports?s=uzp5fegLlIyP6Zxfrtw6cHhOGWMfBdfIWK8NyOcS8nc%3D&sid=e11707d5-02a7-43ef-b45e-2cf4d2036f7d&ts=1755838006"
1 < Server: cloudflare
1 < Vary: Origin, X-HTTP-Method-Override, Accept-Encoding
1 < Via: 2.0 heroku-router
1 < X-Content-Type-Options: nosniff
1 < X-Powered-By: Express
1 < X-Ratelimit-Limit: 1000
1 < X-Ratelimit-Remaining: 996
1 < X-Ratelimit-Reset: 1755838042
1 < Cf-Cache-Status: DYNAMIC
1 < Server-Timing: cfCacheStatus;desc="DYNAMIC"
1 < Server-Timing: cfEdge;dur=3,cfOrigin;dur=85
1 < CF-RAY: 972fba736afa5858-CDG
1 < alt-svc: h3=":443"; ma=86400
{
  "name": "Alice Smith",
  "username": "alices",
  "email": "alice@mail.com",
  "address": {
    "street": "Maple Street",
    "suite": "Suite 45B",
    "city": "Lima",
    "zipcode": "11111-2222"
  },
  "id": 11
}

23:46:46.742 [pool-2-thread-1] DEBUG com.intuit.karate - response time in milliseconds: 757
1 < 200
1 < Date: Fri, 22 Aug 2025 04:46:46 GMT
1 < Content-Type: application/json; charset=utf-8
1 < Connection: keep-alive
1 < Access-Control-Allow-Credentials: true
1 < Cache-Control: max-age=43200
1 < Etag: W/"160d-1eMSsxeJRfnVLRBmYJSbCiJZ1qQ"
1 < Expires: -1
1 < Nel: {"report_to":"heroku-nel","response_headers":["Via"],"max_age":3600,"success_fraction":0.01,"failure_fraction":0.1}
1 < Pragma: no-cache
1 < Report-To: {"group":"heroku-nel","endpoints":[{"url":"https://nel.heroku.com/reports?s=6Xq98VAvImEUe02fEpSKME9QAZMnsc4coB0%2FpWlf%2FQs%3D\u0026sid=e11707d5-02a7-43ef-b45e-2cf4d2036f7d\u0026ts=1755835141"}],"max_age":3600}
1 < Reporting-Endpoints: heroku-nel="https://nel.heroku.com/reports?s=6Xq98VAvImEUe02fEpSKME9QAZMnsc4coB0%2FpWlf%2FQs%3D&sid=e11707d5-02a7-43ef-b45e-2cf4d2036f7d&ts=1755835141"
1 < Server: cloudflare
1 < Vary: Origin, Accept-Encoding
1 < Via: 2.0 heroku-router
1 < X-Content-Type-Options: nosniff
1 < X-Powered-By: Express
1 < X-Ratelimit-Limit: 1000
1 < X-Ratelimit-Remaining: 999
1 < X-Ratelimit-Reset: 1755835162
1 < Age: 2864
1 < Cf-Cache-Status: HIT
1 < Server-Timing: cfCacheStatus;desc="HIT"
1 < Server-Timing: cfEdge;dur=4,cfOrigin;dur=0
1 < CF-RAY: 972fba732fdcd600-IAD
1 < alt-svc: h3=":443"; ma=86400
[
  {
    "id": 1,
    "name": "Leanne Graham",
    "username": "Bret",
    "email": "Sincere@april.biz",
    "address": {
      "street": "Kulas Light",
      "suite": "Apt. 556",
      "city": "Gwenborough",
      "zipcode": "92998-3874",
      "geo": {
        "lat": "-37.3159",
        "lng": "81.1496"
      }
    },
    "phone": "1-770-736-8031 x56442",
    "website": "hildegard.org",
    "company": {
      "name": "Romaguera-Crona",
      "catchPhrase": "Multi-layered client-server neural-net",
      "bs": "harness real-time e-markets"
    }
  },
  {
    "id": 2,
    "name": "Ervin Howell",
    "username": "Antonette",
    "email": "Shanna@melissa.tv",
    "address": {
      "street": "Victor Plains",
      "suite": "Suite 879",
      "city": "Wisokyburgh",
      "zipcode": "90566-7771",
      "geo": {
        "lat": "-43.9509",
        "lng": "-34.4618"
      }
    },
    "phone": "010-692-6593 x09125",
    "website": "anastasia.net",
    "company": {
      "name": "Deckow-Crist",
      "catchPhrase": "Proactive didactic contingency",
      "bs": "synergize scalable supply-chains"
    }
  },
  {
    "id": 3,
    "name": "Clementine Bauch",
    "username": "Samantha",
    "email": "Nathan@yesenia.net",
    "address": {
      "street": "Douglas Extension",
      "suite": "Suite 847",
      "city": "McKenziehaven",
      "zipcode": "59590-4157",
      "geo": {
        "lat": "-68.6102",
        "lng": "-47.0653"
      }
    },
    "phone": "1-463-123-4447",
    "website": "ramiro.info",
    "company": {
      "name": "Romaguera-Jacobson",
      "catchPhrase": "Face to face bifurcated interface",
      "bs": "e-enable strategic applications"
    }
  },
  {
    "id": 4,
    "name": "Patricia Lebsack",
    "username": "Karianne",
    "email": "Julianne.OConner@kory.org",
    "address": {
      "street": "Hoeger Mall",
      "suite": "Apt. 692",
      "city": "South Elvis",
      "zipcode": "53919-4257",
      "geo": {
        "lat": "29.4572",
        "lng": "-164.2990"
      }
    },
    "phone": "493-170-9623 x156",
    "website": "kale.biz",
    "company": {
      "name": "Robel-Corkery",
      "catchPhrase": "Multi-tiered zero tolerance productivity",
      "bs": "transition cutting-edge web services"
    }
  },
  {
    "id": 5,
    "name": "Chelsey Dietrich",
    "username": "Kamren",
    "email": "Lucio_Hettinger@annie.ca",
    "address": {
      "street": "Skiles Walks",
      "suite": "Suite 351",
      "city": "Roscoeview",
      "zipcode": "33263",
      "geo": {
        "lat": "-31.8129",
        "lng": "62.5342"
      }
    },
    "phone": "(254)954-1289",
    "website": "demarco.info",
    "company": {
      "name": "Keebler LLC",
      "catchPhrase": "User-centric fault-tolerant solution",
      "bs": "revolutionize end-to-end systems"
    }
  },
  {
    "id": 6,
    "name": "Mrs. Dennis Schulist",
    "username": "Leopoldo_Corkery",
    "email": "Karley_Dach@jasper.info",
    "address": {
      "street": "Norberto Crossing",
      "suite": "Apt. 950",
      "city": "South Christy",
      "zipcode": "23505-1337",
      "geo": {
        "lat": "-71.4197",
        "lng": "71.7478"
      }
    },
    "phone": "1-477-935-8478 x6430",
    "website": "ola.org",
    "company": {
      "name": "Considine-Lockman",
      "catchPhrase": "Synchronised bottom-line interface",
      "bs": "e-enable innovative applications"
    }
  },
  {
    "id": 7,
    "name": "Kurtis Weissnat",
    "username": "Elwyn.Skiles",
    "email": "Telly.Hoeger@billy.biz",
    "address": {
      "street": "Rex Trail",
      "suite": "Suite 280",
      "city": "Howemouth",
      "zipcode": "58804-1099",
      "geo": {
        "lat": "24.8918",
        "lng": "21.8984"
      }
    },
    "phone": "210.067.6132",
    "website": "elvis.io",
    "company": {
      "name": "Johns Group",
      "catchPhrase": "Configurable multimedia task-force",
      "bs": "generate enterprise e-tailers"
    }
  },
  {
    "id": 8,
    "name": "Nicholas Runolfsdottir V",
    "username": "Maxime_Nienow",
    "email": "Sherwood@rosamond.me",
    "address": {
      "street": "Ellsworth Summit",
      "suite": "Suite 729",
      "city": "Aliyaview",
      "zipcode": "45169",
      "geo": {
        "lat": "-14.3990",
        "lng": "-120.7677"
      }
    },
    "phone": "586.493.6943 x140",
    "website": "jacynthe.com",
    "company": {
      "name": "Abernathy Group",
      "catchPhrase": "Implemented secondary concept",
      "bs": "e-enable extensible e-tailers"
    }
  },
  {
    "id": 9,
    "name": "Glenna Reichert",
    "username": "Delphine",
    "email": "Chaim_McDermott@dana.io",
    "address": {
      "street": "Dayna Park",
      "suite": "Suite 449",
      "city": "Bartholomebury",
      "zipcode": "76495-3109",
      "geo": {
        "lat": "24.6463",
        "lng": "-168.8889"
      }
    },
    "phone": "(775)976-6794 x41206",
    "website": "conrad.com",
    "company": {
      "name": "Yost and Sons",
      "catchPhrase": "Switchable contextually-based project",
      "bs": "aggregate real-time technologies"
    }
  },
  {
    "id": 10,
    "name": "Clementina DuBuque",
    "username": "Moriah.Stanton",
    "email": "Rey.Padberg@karina.biz",
    "address": {
      "street": "Kattie Turnpike",
      "suite": "Suite 198",
      "city": "Lebsackbury",
      "zipcode": "31428-2261",
      "geo": {
        "lat": "-38.2386",
        "lng": "57.2232"
      }
    },
    "phone": "024-648-3804",
    "website": "ambrose.net",
    "company": {
      "name": "Hoeger LLC",
      "catchPhrase": "Centralized empowering task-force",
      "bs": "target end-to-end models"
    }
  }
]

23:46:46.746 [pool-2-thread-3] INFO  com.intuit.karate - [print] request body:  {
  "name": "Alice Smith",
  "username": "alices",
  "email": "alice@mail.com",
  "address": {
    "street": "Maple Street",
    "suite": "Suite 45B",
    "city": "Lima",
    "zipcode": "11111-2222"
  }
}
 
23:46:46.749 [pool-2-thread-3] INFO  com.intuit.karate - [print] response:  {
  "name": "Alice Smith",
  "username": "alices",
  "email": "alice@mail.com",
  "address": {
    "street": "Maple Street",
    "suite": "Suite 45B",
    "city": "Lima",
    "zipcode": "11111-2222"
  },
  "id": 11
}
 
23:46:46.753 [pool-2-thread-3] INFO  com.intuit.karate - [print] created id is:  11 
23:46:46.773 [pool-2-thread-1] DEBUG com.intuit.karate - request:
2 > GET https://jsonplaceholder.typicode.com/users/1
2 > Host: jsonplaceholder.typicode.com
2 > Connection: Keep-Alive
2 > User-Agent: Apache-HttpClient/4.5.14 (Java/17.0.4)
2 > Accept-Encoding: gzip,deflate


23:46:47.485 [pool-2-thread-1] DEBUG com.intuit.karate - response time in milliseconds: 711
2 < 200
2 < Date: Fri, 22 Aug 2025 04:46:47 GMT
2 < Content-Type: application/json; charset=utf-8
2 < Transfer-Encoding: chunked
2 < Connection: keep-alive
2 < Access-Control-Allow-Credentials: true
2 < Cache-Control: max-age=43200
2 < Etag: W/"1fd-+2Y3G3w049iSZtw5t1mzSnunngE"
2 < Expires: -1
2 < Nel: {"report_to":"heroku-nel","response_headers":["Via"],"max_age":3600,"success_fraction":0.01,"failure_fraction":0.1}
2 < Pragma: no-cache
2 < Report-To: {"group":"heroku-nel","endpoints":[{"url":"https://nel.heroku.com/reports?s=N3XN4q8zwHJ3c%2BguOUYDJtSmxfRAQoOLOvsQLBcJ7XE%3D\u0026sid=e11707d5-02a7-43ef-b45e-2cf4d2036f7d\u0026ts=1754595635"}],"max_age":3600}
2 < Reporting-Endpoints: heroku-nel="https://nel.heroku.com/reports?s=N3XN4q8zwHJ3c%2BguOUYDJtSmxfRAQoOLOvsQLBcJ7XE%3D&sid=e11707d5-02a7-43ef-b45e-2cf4d2036f7d&ts=1754595635"
2 < Server: cloudflare
2 < Vary: Origin, Accept-Encoding
2 < Via: 2.0 heroku-router
2 < X-Content-Type-Options: nosniff
2 < X-Powered-By: Express
2 < X-Ratelimit-Limit: 1000
2 < X-Ratelimit-Remaining: 999
2 < X-Ratelimit-Reset: 1754595670
2 < Age: 20117
2 < Cf-Cache-Status: HIT
2 < Server-Timing: cfCacheStatus;desc="HIT"
2 < Server-Timing: cfEdge;dur=5,cfOrigin;dur=0
2 < CF-RAY: 972fba7808546af3-CDG
2 < alt-svc: h3=":443"; ma=86400
{
  "id": 1,
  "name": "Leanne Graham",
  "username": "Bret",
  "email": "Sincere@april.biz",
  "address": {
    "street": "Kulas Light",
    "suite": "Apt. 556",
    "city": "Gwenborough",
    "zipcode": "92998-3874",
    "geo": {
      "lat": "-37.3159",
      "lng": "81.1496"
    }
  },
  "phone": "1-770-736-8031 x56442",
  "website": "hildegard.org",
  "company": {
    "name": "Romaguera-Crona",
    "catchPhrase": "Multi-layered client-server neural-net",
    "bs": "harness real-time e-markets"
  }
}

23:46:47.505 [pool-2-thread-2] DEBUG com.intuit.karate - response time in milliseconds: 865
1 < 201
1 < Date: Fri, 22 Aug 2025 04:46:47 GMT
1 < Content-Type: application/json; charset=utf-8
1 < Content-Length: 217
1 < Connection: keep-alive
1 < Access-Control-Allow-Credentials: true
1 < Access-Control-Expose-Headers: Location
1 < Cache-Control: no-cache
1 < Etag: W/"d9-1wD4UVbBPhEjAvTufrTpPuPiqhc"
1 < Expires: -1
1 < Location: https://jsonplaceholder.typicode.com/users/11
1 < Nel: {"report_to":"heroku-nel","response_headers":["Via"],"max_age":3600,"success_fraction":0.01,"failure_fraction":0.1}
1 < Pragma: no-cache
1 < Report-To: {"group":"heroku-nel","endpoints":[{"url":"https://nel.heroku.com/reports?s=xbDn1zDlkuarimsG1KXTwkh54MggU7azTOyW4pj3TXI%3D\u0026sid=e11707d5-02a7-43ef-b45e-2cf4d2036f7d\u0026ts=1755838007"}],"max_age":3600}
1 < Reporting-Endpoints: heroku-nel="https://nel.heroku.com/reports?s=xbDn1zDlkuarimsG1KXTwkh54MggU7azTOyW4pj3TXI%3D&sid=e11707d5-02a7-43ef-b45e-2cf4d2036f7d&ts=1755838007"
1 < Server: cloudflare
1 < Vary: Origin, X-HTTP-Method-Override, Accept-Encoding
1 < Via: 2.0 heroku-router
1 < X-Content-Type-Options: nosniff
1 < X-Powered-By: Express
1 < X-Ratelimit-Limit: 1000
1 < X-Ratelimit-Remaining: 995
1 < X-Ratelimit-Reset: 1755838042
1 < Cf-Cache-Status: DYNAMIC
1 < Server-Timing: cfCacheStatus;desc="DYNAMIC"
1 < Server-Timing: cfEdge;dur=3,cfOrigin;dur=256
1 < CF-RAY: 972fba772fb04562-CDG
1 < alt-svc: h3=":443"; ma=86400
{
  "name": "David Kim",
  "username": "dkim2025",
  "email": "david.kim@test.io",
  "address": {
    "street": "Cedar Drive",
    "suite": "Floor 12",
    "city": "Lima",
    "zipcode": "44444-5555"
  },
  "id": 11
}

23:46:47.507 [pool-2-thread-2] INFO  com.intuit.karate - [print] request body:  {
  "name": "David Kim",
  "username": "dkim2025",
  "email": "david.kim@test.io",
  "address": {
    "street": "Cedar Drive",
    "suite": "Floor 12",
    "city": "Lima",
    "zipcode": "44444-5555"
  }
}
 
23:46:47.508 [pool-2-thread-2] INFO  com.intuit.karate - [print] response:  {
  "name": "David Kim",
  "username": "dkim2025",
  "email": "david.kim@test.io",
  "address": {
    "street": "Cedar Drive",
    "suite": "Floor 12",
    "city": "Lima",
    "zipcode": "44444-5555"
  },
  "id": 11
}
 
23:46:47.510 [pool-2-thread-2] INFO  com.intuit.karate - [print] created id is:  11 
23:46:48.748 [pool-3-thread-1] INFO  com.intuit.karate.Suite - <<pass>> feature 1 of 1 (0 remaining) classpath:bdd/users/users.feature
23:48:49.849 [main] INFO  com.intuit.karate.Runner - using system property 'karate.options': --tags @crearUsuario
23:48:51.149 [main] DEBUG com.intuit.karate.Suite - [config] classpath:karate-config.js
23:48:51.154 [main] INFO  com.intuit.karate.Suite - backed up existing 'target\karate-reports' dir to: target\karate-reports_1755838131150
23:48:52.797 [pool-2-thread-4] INFO  com.intuit.karate - karate.env system property was: null 
23:48:52.797 [pool-2-thread-5] INFO  com.intuit.karate - karate.env system property was: null 
23:48:52.797 [pool-2-thread-3] INFO  com.intuit.karate - karate.env system property was: null 
23:48:52.797 [pool-2-thread-2] INFO  com.intuit.karate - karate.env system property was: null 
23:48:52.797 [pool-2-thread-1] INFO  com.intuit.karate - karate.env system property was: null 
23:48:53.386 [pool-2-thread-1] DEBUG com.intuit.karate - request:
1 > POST https://jsonplaceholder.typicode.com/users
1 > Content-Type: application/json; charset=UTF-8
1 > Content-Length: 157
1 > Host: jsonplaceholder.typicode.com
1 > Connection: Keep-Alive
1 > User-Agent: Apache-HttpClient/4.5.14 (Java/17.0.4)
1 > Accept-Encoding: gzip,deflate
{"name":"Test User","username":"testuser","email":"test@user.com","address":{"street":"Has No Name","suite":"Apt. 123","city":"Lima","zipcode":"54321-6789"}}

23:48:53.386 [pool-2-thread-3] DEBUG com.intuit.karate - request:
1 > POST https://jsonplaceholder.typicode.com/users
1 > Content-Type: application/json; charset=UTF-8
1 > Content-Length: 152
1 > Host: jsonplaceholder.typicode.com
1 > Connection: Keep-Alive
1 > User-Agent: Apache-HttpClient/4.5.14 (Java/17.0.4)
1 > Accept-Encoding: gzip,deflate
{"name":"Bob Johnson","username":"bobj","email":"bob@work.net","address":{"street":"Oak Avenue","suite":"Apt. 7A","city":"Lima","zipcode":"22222-3333"}}

23:48:53.386 [pool-2-thread-5] DEBUG com.intuit.karate - request:
1 > POST https://jsonplaceholder.typicode.com/users
1 > Content-Type: application/json; charset=UTF-8
1 > Content-Length: 161
1 > Host: jsonplaceholder.typicode.com
1 > Connection: Keep-Alive
1 > User-Agent: Apache-HttpClient/4.5.14 (Java/17.0.4)
1 > Accept-Encoding: gzip,deflate
{"name":"David Kim","username":"dkim2025","email":"david.kim@test.io","address":{"street":"Cedar Drive","suite":"Floor 12","city":"Lima","zipcode":"44444-5555"}}

23:48:53.386 [pool-2-thread-4] DEBUG com.intuit.karate - request:
1 > POST https://jsonplaceholder.typicode.com/users
1 > Content-Type: application/json; charset=UTF-8
1 > Content-Length: 158
1 > Host: jsonplaceholder.typicode.com
1 > Connection: Keep-Alive
1 > User-Agent: Apache-HttpClient/4.5.14 (Java/17.0.4)
1 > Accept-Encoding: gzip,deflate
{"name":"Carla Lopez","username":"carlal","email":"carla@example.org","address":{"street":"Pine Road","suite":"Block 9","city":"Lima","zipcode":"33333-4444"}}

23:48:53.386 [pool-2-thread-2] DEBUG com.intuit.karate - request:
1 > POST https://jsonplaceholder.typicode.com/users
1 > Content-Type: application/json; charset=UTF-8
1 > Content-Length: 160
1 > Host: jsonplaceholder.typicode.com
1 > Connection: Keep-Alive
1 > User-Agent: Apache-HttpClient/4.5.14 (Java/17.0.4)
1 > Accept-Encoding: gzip,deflate
{"name":"Alice Smith","username":"alices","email":"alice@mail.com","address":{"street":"Maple Street","suite":"Suite 45B","city":"Lima","zipcode":"11111-2222"}}

23:48:54.090 [pool-2-thread-2] DEBUG com.intuit.karate - response time in milliseconds: 698
1 < 201
1 < Date: Fri, 22 Aug 2025 04:48:53 GMT
1 < Content-Type: application/json; charset=utf-8
1 < Content-Length: 216
1 < Connection: keep-alive
1 < Access-Control-Allow-Credentials: true
1 < Access-Control-Expose-Headers: Location
1 < Cache-Control: no-cache
1 < Etag: W/"d8-++GD30o/Hin3zroIPbg9/sHhHXg"
1 < Expires: -1
1 < Location: https://jsonplaceholder.typicode.com/users/11
1 < Nel: {"report_to":"heroku-nel","response_headers":["Via"],"max_age":3600,"success_fraction":0.01,"failure_fraction":0.1}
1 < Pragma: no-cache
1 < Report-To: {"group":"heroku-nel","endpoints":[{"url":"https://nel.heroku.com/reports?s=%2BLYisnV%2BCaUQSVTstNxtIswnzZuhT2VjTXSs0XacLYk%3D\u0026sid=e11707d5-02a7-43ef-b45e-2cf4d2036f7d\u0026ts=1755838133"}],"max_age":3600}
1 < Reporting-Endpoints: heroku-nel="https://nel.heroku.com/reports?s=%2BLYisnV%2BCaUQSVTstNxtIswnzZuhT2VjTXSs0XacLYk%3D&sid=e11707d5-02a7-43ef-b45e-2cf4d2036f7d&ts=1755838133"
1 < Server: cloudflare
1 < Vary: Origin, X-HTTP-Method-Override, Accept-Encoding
1 < Via: 2.0 heroku-router
1 < X-Content-Type-Options: nosniff
1 < X-Powered-By: Express
1 < X-Ratelimit-Limit: 1000
1 < X-Ratelimit-Remaining: 999
1 < X-Ratelimit-Reset: 1755838162
1 < Cf-Cache-Status: DYNAMIC
1 < Server-Timing: cfCacheStatus;desc="DYNAMIC"
1 < Server-Timing: cfEdge;dur=4,cfOrigin;dur=5
1 < CF-RAY: 972fbd8ffbe63450-IAD
1 < alt-svc: h3=":443"; ma=86400
{
  "name": "Alice Smith",
  "username": "alices",
  "email": "alice@mail.com",
  "address": {
    "street": "Maple Street",
    "suite": "Suite 45B",
    "city": "Lima",
    "zipcode": "11111-2222"
  },
  "id": 11
}

23:48:54.090 [pool-2-thread-1] DEBUG com.intuit.karate - response time in milliseconds: 701
1 < 201
1 < Date: Fri, 22 Aug 2025 04:48:53 GMT
1 < Content-Type: application/json; charset=utf-8
1 < Content-Length: 213
1 < Connection: keep-alive
1 < Access-Control-Allow-Credentials: true
1 < Access-Control-Expose-Headers: Location
1 < Cache-Control: no-cache
1 < Etag: W/"d5-lobPlkA2OG3FD/7HF6E+d2XgrU0"
1 < Expires: -1
1 < Location: https://jsonplaceholder.typicode.com/users/11
1 < Nel: {"report_to":"heroku-nel","response_headers":["Via"],"max_age":3600,"success_fraction":0.01,"failure_fraction":0.1}
1 < Pragma: no-cache
1 < Report-To: {"group":"heroku-nel","endpoints":[{"url":"https://nel.heroku.com/reports?s=%2BLYisnV%2BCaUQSVTstNxtIswnzZuhT2VjTXSs0XacLYk%3D\u0026sid=e11707d5-02a7-43ef-b45e-2cf4d2036f7d\u0026ts=1755838133"}],"max_age":3600}
1 < Reporting-Endpoints: heroku-nel="https://nel.heroku.com/reports?s=%2BLYisnV%2BCaUQSVTstNxtIswnzZuhT2VjTXSs0XacLYk%3D&sid=e11707d5-02a7-43ef-b45e-2cf4d2036f7d&ts=1755838133"
1 < Server: cloudflare
1 < Vary: Origin, X-HTTP-Method-Override, Accept-Encoding
1 < Via: 2.0 heroku-router
1 < X-Content-Type-Options: nosniff
1 < X-Powered-By: Express
1 < X-Ratelimit-Limit: 1000
1 < X-Ratelimit-Remaining: 997
1 < X-Ratelimit-Reset: 1755838162
1 < Cf-Cache-Status: DYNAMIC
1 < Server-Timing: cfCacheStatus;desc="DYNAMIC"
1 < Server-Timing: cfEdge;dur=4,cfOrigin;dur=16
1 < CF-RAY: 972fbd8ff8f0c814-IAD
1 < alt-svc: h3=":443"; ma=86400
{
  "name": "Test User",
  "username": "testuser",
  "email": "test@user.com",
  "address": {
    "street": "Has No Name",
    "suite": "Apt. 123",
    "city": "Lima",
    "zipcode": "54321-6789"
  },
  "id": 11
}

23:48:54.092 [pool-2-thread-5] DEBUG com.intuit.karate - response time in milliseconds: 705
1 < 201
1 < Date: Fri, 22 Aug 2025 04:48:53 GMT
1 < Content-Type: application/json; charset=utf-8
1 < Content-Length: 217
1 < Connection: keep-alive
1 < Access-Control-Allow-Credentials: true
1 < Access-Control-Expose-Headers: Location
1 < Cache-Control: no-cache
1 < Etag: W/"d9-1wD4UVbBPhEjAvTufrTpPuPiqhc"
1 < Expires: -1
1 < Location: https://jsonplaceholder.typicode.com/users/11
1 < Nel: {"report_to":"heroku-nel","response_headers":["Via"],"max_age":3600,"success_fraction":0.01,"failure_fraction":0.1}
1 < Pragma: no-cache
1 < Report-To: {"group":"heroku-nel","endpoints":[{"url":"https://nel.heroku.com/reports?s=%2BLYisnV%2BCaUQSVTstNxtIswnzZuhT2VjTXSs0XacLYk%3D\u0026sid=e11707d5-02a7-43ef-b45e-2cf4d2036f7d\u0026ts=1755838133"}],"max_age":3600}
1 < Reporting-Endpoints: heroku-nel="https://nel.heroku.com/reports?s=%2BLYisnV%2BCaUQSVTstNxtIswnzZuhT2VjTXSs0XacLYk%3D&sid=e11707d5-02a7-43ef-b45e-2cf4d2036f7d&ts=1755838133"
1 < Server: cloudflare
1 < Vary: Origin, X-HTTP-Method-Override, Accept-Encoding
1 < Via: 2.0 heroku-router
1 < X-Content-Type-Options: nosniff
1 < X-Powered-By: Express
1 < X-Ratelimit-Limit: 1000
1 < X-Ratelimit-Remaining: 996
1 < X-Ratelimit-Reset: 1755838162
1 < Cf-Cache-Status: DYNAMIC
1 < Server-Timing: cfCacheStatus;desc="DYNAMIC"
1 < Server-Timing: cfEdge;dur=3,cfOrigin;dur=16
1 < CF-RAY: 972fbd900b20f685-IAD
1 < alt-svc: h3=":443"; ma=86400
{
  "name": "David Kim",
  "username": "dkim2025",
  "email": "david.kim@test.io",
  "address": {
    "street": "Cedar Drive",
    "suite": "Floor 12",
    "city": "Lima",
    "zipcode": "44444-5555"
  },
  "id": 11
}

23:48:54.095 [pool-2-thread-2] INFO  com.intuit.karate - [print] request body:  {
  "name": "Alice Smith",
  "username": "alices",
  "email": "alice@mail.com",
  "address": {
    "street": "Maple Street",
    "suite": "Suite 45B",
    "city": "Lima",
    "zipcode": "11111-2222"
  }
}
 
23:48:54.095 [pool-2-thread-1] INFO  com.intuit.karate - [print] request body:  {
  "name": "Test User",
  "username": "testuser",
  "email": "test@user.com",
  "address": {
    "street": "Has No Name",
    "suite": "Apt. 123",
    "city": "Lima",
    "zipcode": "54321-6789"
  }
}
 
23:48:54.096 [pool-2-thread-5] INFO  com.intuit.karate - [print] request body:  {
  "name": "David Kim",
  "username": "dkim2025",
  "email": "david.kim@test.io",
  "address": {
    "street": "Cedar Drive",
    "suite": "Floor 12",
    "city": "Lima",
    "zipcode": "44444-5555"
  }
}
 
23:48:54.097 [pool-2-thread-2] INFO  com.intuit.karate - [print] response:  {
  "name": "Alice Smith",
  "username": "alices",
  "email": "alice@mail.com",
  "address": {
    "street": "Maple Street",
    "suite": "Suite 45B",
    "city": "Lima",
    "zipcode": "11111-2222"
  },
  "id": 11
}
 
23:48:54.097 [pool-2-thread-1] INFO  com.intuit.karate - [print] response:  {
  "name": "Test User",
  "username": "testuser",
  "email": "test@user.com",
  "address": {
    "street": "Has No Name",
    "suite": "Apt. 123",
    "city": "Lima",
    "zipcode": "54321-6789"
  },
  "id": 11
}
 
23:48:54.099 [pool-2-thread-5] INFO  com.intuit.karate - [print] response:  {
  "name": "David Kim",
  "username": "dkim2025",
  "email": "david.kim@test.io",
  "address": {
    "street": "Cedar Drive",
    "suite": "Floor 12",
    "city": "Lima",
    "zipcode": "44444-5555"
  },
  "id": 11
}
 
23:48:54.101 [pool-2-thread-4] DEBUG com.intuit.karate - response time in milliseconds: 713
1 < 201
1 < Date: Fri, 22 Aug 2025 04:48:53 GMT
1 < Content-Type: application/json; charset=utf-8
1 < Content-Length: 214
1 < Connection: keep-alive
1 < Access-Control-Allow-Credentials: true
1 < Access-Control-Expose-Headers: Location
1 < Cache-Control: no-cache
1 < Etag: W/"d6-XEZ+S344nNCUUY5Hwx2a0BaWvsE"
1 < Expires: -1
1 < Location: https://jsonplaceholder.typicode.com/users/11
1 < Nel: {"report_to":"heroku-nel","response_headers":["Via"],"max_age":3600,"success_fraction":0.01,"failure_fraction":0.1}
1 < Pragma: no-cache
1 < Report-To: {"group":"heroku-nel","endpoints":[{"url":"https://nel.heroku.com/reports?s=%2BLYisnV%2BCaUQSVTstNxtIswnzZuhT2VjTXSs0XacLYk%3D\u0026sid=e11707d5-02a7-43ef-b45e-2cf4d2036f7d\u0026ts=1755838133"}],"max_age":3600}
1 < Reporting-Endpoints: heroku-nel="https://nel.heroku.com/reports?s=%2BLYisnV%2BCaUQSVTstNxtIswnzZuhT2VjTXSs0XacLYk%3D&sid=e11707d5-02a7-43ef-b45e-2cf4d2036f7d&ts=1755838133"
1 < Server: cloudflare
1 < Vary: Origin, X-HTTP-Method-Override, Accept-Encoding
1 < Via: 2.0 heroku-router
1 < X-Content-Type-Options: nosniff
1 < X-Powered-By: Express
1 < X-Ratelimit-Limit: 1000
1 < X-Ratelimit-Remaining: 998
1 < X-Ratelimit-Reset: 1755838162
1 < Cf-Cache-Status: DYNAMIC
1 < Server-Timing: cfCacheStatus;desc="DYNAMIC"
1 < Server-Timing: cfEdge;dur=4,cfOrigin;dur=5
1 < CF-RAY: 972fbd900d6657f3-IAD
1 < alt-svc: h3=":443"; ma=86400
{
  "name": "Carla Lopez",
  "username": "carlal",
  "email": "carla@example.org",
  "address": {
    "street": "Pine Road",
    "suite": "Block 9",
    "city": "Lima",
    "zipcode": "33333-4444"
  },
  "id": 11
}

23:48:54.102 [pool-2-thread-2] INFO  com.intuit.karate - [print] created id is:  11 
23:48:54.102 [pool-2-thread-1] INFO  com.intuit.karate - [print] created id is:  11 
23:48:54.102 [pool-2-thread-5] INFO  com.intuit.karate - [print] created id is:  11 
23:48:54.105 [pool-2-thread-4] INFO  com.intuit.karate - [print] request body:  {
  "name": "Carla Lopez",
  "username": "carlal",
  "email": "carla@example.org",
  "address": {
    "street": "Pine Road",
    "suite": "Block 9",
    "city": "Lima",
    "zipcode": "33333-4444"
  }
}
 
23:48:54.107 [pool-2-thread-4] INFO  com.intuit.karate - [print] response:  {
  "name": "Carla Lopez",
  "username": "carlal",
  "email": "carla@example.org",
  "address": {
    "street": "Pine Road",
    "suite": "Block 9",
    "city": "Lima",
    "zipcode": "33333-4444"
  },
  "id": 11
}
 
23:48:54.112 [pool-2-thread-4] INFO  com.intuit.karate - [print] created id is:  11 
23:48:54.381 [pool-2-thread-3] DEBUG com.intuit.karate - response time in milliseconds: 993
1 < 201
1 < Date: Fri, 22 Aug 2025 04:48:54 GMT
1 < Content-Type: application/json; charset=utf-8
1 < Content-Length: 208
1 < Connection: keep-alive
1 < Access-Control-Allow-Credentials: true
1 < Access-Control-Expose-Headers: Location
1 < Cache-Control: no-cache
1 < Etag: W/"d0-q0jOsLfytlvVlcU6mAJCpHX0Pd4"
1 < Expires: -1
1 < Location: https://jsonplaceholder.typicode.com/users/11
1 < Nel: {"report_to":"heroku-nel","response_headers":["Via"],"max_age":3600,"success_fraction":0.01,"failure_fraction":0.1}
1 < Pragma: no-cache
1 < Report-To: {"group":"heroku-nel","endpoints":[{"url":"https://nel.heroku.com/reports?s=%2BLYisnV%2BCaUQSVTstNxtIswnzZuhT2VjTXSs0XacLYk%3D\u0026sid=e11707d5-02a7-43ef-b45e-2cf4d2036f7d\u0026ts=1755838133"}],"max_age":3600}
1 < Reporting-Endpoints: heroku-nel="https://nel.heroku.com/reports?s=%2BLYisnV%2BCaUQSVTstNxtIswnzZuhT2VjTXSs0XacLYk%3D&sid=e11707d5-02a7-43ef-b45e-2cf4d2036f7d&ts=1755838133"
1 < Server: cloudflare
1 < Vary: Origin, X-HTTP-Method-Override, Accept-Encoding
1 < Via: 2.0 heroku-router
1 < X-Content-Type-Options: nosniff
1 < X-Powered-By: Express
1 < X-Ratelimit-Limit: 1000
1 < X-Ratelimit-Remaining: 995
1 < X-Ratelimit-Reset: 1755838162
1 < Cf-Cache-Status: DYNAMIC
1 < Server-Timing: cfCacheStatus;desc="DYNAMIC"
1 < Server-Timing: cfEdge;dur=8,cfOrigin;dur=236
1 < CF-RAY: 972fbd903dc05e45-LHR
1 < alt-svc: h3=":443"; ma=86400
{
  "name": "Bob Johnson",
  "username": "bobj",
  "email": "bob@work.net",
  "address": {
    "street": "Oak Avenue",
    "suite": "Apt. 7A",
    "city": "Lima",
    "zipcode": "22222-3333"
  },
  "id": 11
}

23:48:54.385 [pool-2-thread-3] INFO  com.intuit.karate - [print] request body:  {
  "name": "Bob Johnson",
  "username": "bobj",
  "email": "bob@work.net",
  "address": {
    "street": "Oak Avenue",
    "suite": "Apt. 7A",
    "city": "Lima",
    "zipcode": "22222-3333"
  }
}
 
23:48:54.387 [pool-2-thread-3] INFO  com.intuit.karate - [print] response:  {
  "name": "Bob Johnson",
  "username": "bobj",
  "email": "bob@work.net",
  "address": {
    "street": "Oak Avenue",
    "suite": "Apt. 7A",
    "city": "Lima",
    "zipcode": "22222-3333"
  },
  "id": 11
}
 
23:48:54.390 [pool-2-thread-3] INFO  com.intuit.karate - [print] created id is:  11 
23:48:55.876 [pool-3-thread-1] INFO  com.intuit.karate.Suite - <<pass>> feature 1 of 1 (0 remaining) classpath:bdd/users/users.feature
23:53:47.663 [main] INFO  com.intuit.karate.Runner - using system property 'karate.options': --tags @crearUsuario
23:53:49.000 [main] DEBUG com.intuit.karate.Suite - [config] classpath:karate-config.js
23:53:49.007 [main] INFO  com.intuit.karate.Suite - backed up existing 'target\karate-reports' dir to: target\karate-reports_1755838429002
23:53:50.607 [pool-2-thread-2] INFO  com.intuit.karate - karate.env system property was: null 
23:53:50.607 [pool-2-thread-4] INFO  com.intuit.karate - karate.env system property was: null 
23:53:50.607 [pool-2-thread-1] INFO  com.intuit.karate - karate.env system property was: null 
23:53:50.607 [pool-2-thread-5] INFO  com.intuit.karate - karate.env system property was: null 
23:53:50.608 [pool-2-thread-3] INFO  com.intuit.karate - karate.env system property was: null 
23:53:51.199 [pool-2-thread-3] DEBUG com.intuit.karate - request:
1 > POST https://jsonplaceholder.typicode.com/users
1 > Content-Type: application/json; charset=UTF-8
1 > Content-Length: 152
1 > Host: jsonplaceholder.typicode.com
1 > Connection: Keep-Alive
1 > User-Agent: Apache-HttpClient/4.5.14 (Java/17.0.4)
1 > Accept-Encoding: gzip,deflate
{"name":"Bob Johnson","username":"bobj","email":"bob@work.net","address":{"street":"Oak Avenue","suite":"Apt. 7A","city":"Lima","zipcode":"22222-3333"}}

23:53:51.199 [pool-2-thread-2] DEBUG com.intuit.karate - request:
1 > POST https://jsonplaceholder.typicode.com/users
1 > Content-Type: application/json; charset=UTF-8
1 > Content-Length: 160
1 > Host: jsonplaceholder.typicode.com
1 > Connection: Keep-Alive
1 > User-Agent: Apache-HttpClient/4.5.14 (Java/17.0.4)
1 > Accept-Encoding: gzip,deflate
{"name":"Alice Smith","username":"alices","email":"alice@mail.com","address":{"street":"Maple Street","suite":"Suite 45B","city":"Lima","zipcode":"11111-2222"}}

23:53:51.199 [pool-2-thread-1] DEBUG com.intuit.karate - request:
1 > POST https://jsonplaceholder.typicode.com/users
1 > Content-Type: application/json; charset=UTF-8
1 > Content-Length: 157
1 > Host: jsonplaceholder.typicode.com
1 > Connection: Keep-Alive
1 > User-Agent: Apache-HttpClient/4.5.14 (Java/17.0.4)
1 > Accept-Encoding: gzip,deflate
{"name":"Test User","username":"testuser","email":"test@user.com","address":{"street":"Has No Name","suite":"Apt. 123","city":"Lima","zipcode":"54321-6789"}}

23:53:51.199 [pool-2-thread-4] DEBUG com.intuit.karate - request:
1 > POST https://jsonplaceholder.typicode.com/users
1 > Content-Type: application/json; charset=UTF-8
1 > Content-Length: 158
1 > Host: jsonplaceholder.typicode.com
1 > Connection: Keep-Alive
1 > User-Agent: Apache-HttpClient/4.5.14 (Java/17.0.4)
1 > Accept-Encoding: gzip,deflate
{"name":"Carla Lopez","username":"carlal","email":"carla@example.org","address":{"street":"Pine Road","suite":"Block 9","city":"Lima","zipcode":"33333-4444"}}

23:53:51.199 [pool-2-thread-5] DEBUG com.intuit.karate - request:
1 > POST https://jsonplaceholder.typicode.com/users
1 > Content-Type: application/json; charset=UTF-8
1 > Content-Length: 161
1 > Host: jsonplaceholder.typicode.com
1 > Connection: Keep-Alive
1 > User-Agent: Apache-HttpClient/4.5.14 (Java/17.0.4)
1 > Accept-Encoding: gzip,deflate
{"name":"David Kim","username":"dkim2025","email":"david.kim@test.io","address":{"street":"Cedar Drive","suite":"Floor 12","city":"Lima","zipcode":"44444-5555"}}

23:53:51.816 [pool-2-thread-1] DEBUG com.intuit.karate - response time in milliseconds: 612
1 < 201
1 < Date: Fri, 22 Aug 2025 04:53:51 GMT
1 < Content-Type: application/json; charset=utf-8
1 < Content-Length: 213
1 < Connection: keep-alive
1 < Access-Control-Allow-Credentials: true
1 < Access-Control-Expose-Headers: Location
1 < Cache-Control: no-cache
1 < Etag: W/"d5-lobPlkA2OG3FD/7HF6E+d2XgrU0"
1 < Expires: -1
1 < Location: https://jsonplaceholder.typicode.com/users/11
1 < Nel: {"report_to":"heroku-nel","response_headers":["Via"],"max_age":3600,"success_fraction":0.01,"failure_fraction":0.1}
1 < Pragma: no-cache
1 < Report-To: {"group":"heroku-nel","endpoints":[{"url":"https://nel.heroku.com/reports?s=%2BwKiVh7D0xbMCeq26Us0FyI%2B3%2BK3uFvgwd%2FgJIdSLcY%3D\u0026sid=e11707d5-02a7-43ef-b45e-2cf4d2036f7d\u0026ts=1755838431"}],"max_age":3600}
1 < Reporting-Endpoints: heroku-nel="https://nel.heroku.com/reports?s=%2BwKiVh7D0xbMCeq26Us0FyI%2B3%2BK3uFvgwd%2FgJIdSLcY%3D&sid=e11707d5-02a7-43ef-b45e-2cf4d2036f7d&ts=1755838431"
1 < Server: cloudflare
1 < Vary: Origin, X-HTTP-Method-Override, Accept-Encoding
1 < Via: 2.0 heroku-router
1 < X-Content-Type-Options: nosniff
1 < X-Powered-By: Express
1 < X-Ratelimit-Limit: 1000
1 < X-Ratelimit-Remaining: 996
1 < X-Ratelimit-Reset: 1755838462
1 < Cf-Cache-Status: DYNAMIC
1 < Server-Timing: cfCacheStatus;desc="DYNAMIC"
1 < Server-Timing: cfEdge;dur=6,cfOrigin;dur=29
1 < CF-RAY: 972fc4d4cc664c12-MIA
1 < alt-svc: h3=":443"; ma=86400
{
  "name": "Test User",
  "username": "testuser",
  "email": "test@user.com",
  "address": {
    "street": "Has No Name",
    "suite": "Apt. 123",
    "city": "Lima",
    "zipcode": "54321-6789"
  },
  "id": 11
}

23:53:51.821 [pool-2-thread-4] DEBUG com.intuit.karate - response time in milliseconds: 620
1 < 201
1 < Date: Fri, 22 Aug 2025 04:53:51 GMT
1 < Content-Type: application/json; charset=utf-8
1 < Content-Length: 214
1 < Connection: keep-alive
1 < Access-Control-Allow-Credentials: true
1 < Access-Control-Expose-Headers: Location
1 < Cache-Control: no-cache
1 < Etag: W/"d6-XEZ+S344nNCUUY5Hwx2a0BaWvsE"
1 < Expires: -1
1 < Location: https://jsonplaceholder.typicode.com/users/11
1 < Nel: {"report_to":"heroku-nel","response_headers":["Via"],"max_age":3600,"success_fraction":0.01,"failure_fraction":0.1}
1 < Pragma: no-cache
1 < Report-To: {"group":"heroku-nel","endpoints":[{"url":"https://nel.heroku.com/reports?s=%2BwKiVh7D0xbMCeq26Us0FyI%2B3%2BK3uFvgwd%2FgJIdSLcY%3D\u0026sid=e11707d5-02a7-43ef-b45e-2cf4d2036f7d\u0026ts=1755838431"}],"max_age":3600}
1 < Reporting-Endpoints: heroku-nel="https://nel.heroku.com/reports?s=%2BwKiVh7D0xbMCeq26Us0FyI%2B3%2BK3uFvgwd%2FgJIdSLcY%3D&sid=e11707d5-02a7-43ef-b45e-2cf4d2036f7d&ts=1755838431"
1 < Server: cloudflare
1 < Vary: Origin, X-HTTP-Method-Override, Accept-Encoding
1 < Via: 2.0 heroku-router
1 < X-Content-Type-Options: nosniff
1 < X-Powered-By: Express
1 < X-Ratelimit-Limit: 1000
1 < X-Ratelimit-Remaining: 997
1 < X-Ratelimit-Reset: 1755838462
1 < Cf-Cache-Status: DYNAMIC
1 < Server-Timing: cfCacheStatus;desc="DYNAMIC"
1 < Server-Timing: cfEdge;dur=4,cfOrigin;dur=14
1 < CF-RAY: 972fc4d4ce4155eb-IAD
1 < alt-svc: h3=":443"; ma=86400
{
  "name": "Carla Lopez",
  "username": "carlal",
  "email": "carla@example.org",
  "address": {
    "street": "Pine Road",
    "suite": "Block 9",
    "city": "Lima",
    "zipcode": "33333-4444"
  },
  "id": 11
}

23:53:51.821 [pool-2-thread-3] DEBUG com.intuit.karate - response time in milliseconds: 621
1 < 201
1 < Date: Fri, 22 Aug 2025 04:53:51 GMT
1 < Content-Type: application/json; charset=utf-8
1 < Content-Length: 208
1 < Connection: keep-alive
1 < Access-Control-Allow-Credentials: true
1 < Access-Control-Expose-Headers: Location
1 < Cache-Control: no-cache
1 < Etag: W/"d0-q0jOsLfytlvVlcU6mAJCpHX0Pd4"
1 < Expires: -1
1 < Location: https://jsonplaceholder.typicode.com/users/11
1 < Nel: {"report_to":"heroku-nel","response_headers":["Via"],"max_age":3600,"success_fraction":0.01,"failure_fraction":0.1}
1 < Pragma: no-cache
1 < Report-To: {"group":"heroku-nel","endpoints":[{"url":"https://nel.heroku.com/reports?s=%2BwKiVh7D0xbMCeq26Us0FyI%2B3%2BK3uFvgwd%2FgJIdSLcY%3D\u0026sid=e11707d5-02a7-43ef-b45e-2cf4d2036f7d\u0026ts=1755838431"}],"max_age":3600}
1 < Reporting-Endpoints: heroku-nel="https://nel.heroku.com/reports?s=%2BwKiVh7D0xbMCeq26Us0FyI%2B3%2BK3uFvgwd%2FgJIdSLcY%3D&sid=e11707d5-02a7-43ef-b45e-2cf4d2036f7d&ts=1755838431"
1 < Server: cloudflare
1 < Vary: Origin, X-HTTP-Method-Override, Accept-Encoding
1 < Via: 2.0 heroku-router
1 < X-Content-Type-Options: nosniff
1 < X-Powered-By: Express
1 < X-Ratelimit-Limit: 1000
1 < X-Ratelimit-Remaining: 999
1 < X-Ratelimit-Reset: 1755838462
1 < Cf-Cache-Status: DYNAMIC
1 < Server-Timing: cfCacheStatus;desc="DYNAMIC"
1 < Server-Timing: cfEdge;dur=3,cfOrigin;dur=4
1 < CF-RAY: 972fc4d4cf5031bb-IAD
1 < alt-svc: h3=":443"; ma=86400
{
  "name": "Bob Johnson",
  "username": "bobj",
  "email": "bob@work.net",
  "address": {
    "street": "Oak Avenue",
    "suite": "Apt. 7A",
    "city": "Lima",
    "zipcode": "22222-3333"
  },
  "id": 11
}

23:53:51.822 [pool-2-thread-1] INFO  com.intuit.karate - [print] request body:  {
  "name": "Test User",
  "username": "testuser",
  "email": "test@user.com",
  "address": {
    "street": "Has No Name",
    "suite": "Apt. 123",
    "city": "Lima",
    "zipcode": "54321-6789"
  }
}
 
23:53:51.825 [pool-2-thread-3] INFO  com.intuit.karate - [print] request body:  {
  "name": "Bob Johnson",
  "username": "bobj",
  "email": "bob@work.net",
  "address": {
    "street": "Oak Avenue",
    "suite": "Apt. 7A",
    "city": "Lima",
    "zipcode": "22222-3333"
  }
}
 
23:53:51.826 [pool-2-thread-4] INFO  com.intuit.karate - [print] request body:  {
  "name": "Carla Lopez",
  "username": "carlal",
  "email": "carla@example.org",
  "address": {
    "street": "Pine Road",
    "suite": "Block 9",
    "city": "Lima",
    "zipcode": "33333-4444"
  }
}
 
23:53:51.828 [pool-2-thread-5] DEBUG com.intuit.karate - response time in milliseconds: 627
1 < 201
1 < Date: Fri, 22 Aug 2025 04:53:51 GMT
1 < Content-Type: application/json; charset=utf-8
1 < Content-Length: 217
1 < Connection: keep-alive
1 < Access-Control-Allow-Credentials: true
1 < Access-Control-Expose-Headers: Location
1 < Cache-Control: no-cache
1 < Etag: W/"d9-1wD4UVbBPhEjAvTufrTpPuPiqhc"
1 < Expires: -1
1 < Location: https://jsonplaceholder.typicode.com/users/11
1 < Nel: {"report_to":"heroku-nel","response_headers":["Via"],"max_age":3600,"success_fraction":0.01,"failure_fraction":0.1}
1 < Pragma: no-cache
1 < Report-To: {"group":"heroku-nel","endpoints":[{"url":"https://nel.heroku.com/reports?s=%2BwKiVh7D0xbMCeq26Us0FyI%2B3%2BK3uFvgwd%2FgJIdSLcY%3D\u0026sid=e11707d5-02a7-43ef-b45e-2cf4d2036f7d\u0026ts=1755838431"}],"max_age":3600}
1 < Reporting-Endpoints: heroku-nel="https://nel.heroku.com/reports?s=%2BwKiVh7D0xbMCeq26Us0FyI%2B3%2BK3uFvgwd%2FgJIdSLcY%3D&sid=e11707d5-02a7-43ef-b45e-2cf4d2036f7d&ts=1755838431"
1 < Server: cloudflare
1 < Vary: Origin, X-HTTP-Method-Override, Accept-Encoding
1 < Via: 2.0 heroku-router
1 < X-Content-Type-Options: nosniff
1 < X-Powered-By: Express
1 < X-Ratelimit-Limit: 1000
1 < X-Ratelimit-Remaining: 998
1 < X-Ratelimit-Reset: 1755838462
1 < Cf-Cache-Status: DYNAMIC
1 < Server-Timing: cfCacheStatus;desc="DYNAMIC"
1 < Server-Timing: cfEdge;dur=3,cfOrigin;dur=5
1 < CF-RAY: 972fc4d4cb9bdab8-IAD
1 < alt-svc: h3=":443"; ma=86400
{
  "name": "David Kim",
  "username": "dkim2025",
  "email": "david.kim@test.io",
  "address": {
    "street": "Cedar Drive",
    "suite": "Floor 12",
    "city": "Lima",
    "zipcode": "44444-5555"
  },
  "id": 11
}

23:53:51.829 [pool-2-thread-4] INFO  com.intuit.karate - [print] response:  {
  "name": "Carla Lopez",
  "username": "carlal",
  "email": "carla@example.org",
  "address": {
    "street": "Pine Road",
    "suite": "Block 9",
    "city": "Lima",
    "zipcode": "33333-4444"
  },
  "id": 11
}
 
23:53:51.824 [pool-2-thread-1] INFO  com.intuit.karate - [print] response:  {
  "name": "Test User",
  "username": "testuser",
  "email": "test@user.com",
  "address": {
    "street": "Has No Name",
    "suite": "Apt. 123",
    "city": "Lima",
    "zipcode": "54321-6789"
  },
  "id": 11
}
 
23:53:51.830 [pool-2-thread-3] INFO  com.intuit.karate - [print] response:  {
  "name": "Bob Johnson",
  "username": "bobj",
  "email": "bob@work.net",
  "address": {
    "street": "Oak Avenue",
    "suite": "Apt. 7A",
    "city": "Lima",
    "zipcode": "22222-3333"
  },
  "id": 11
}
 
23:53:51.832 [pool-2-thread-5] INFO  com.intuit.karate - [print] request body:  {
  "name": "David Kim",
  "username": "dkim2025",
  "email": "david.kim@test.io",
  "address": {
    "street": "Cedar Drive",
    "suite": "Floor 12",
    "city": "Lima",
    "zipcode": "44444-5555"
  }
}
 
23:53:51.834 [pool-2-thread-5] INFO  com.intuit.karate - [print] response:  {
  "name": "David Kim",
  "username": "dkim2025",
  "email": "david.kim@test.io",
  "address": {
    "street": "Cedar Drive",
    "suite": "Floor 12",
    "city": "Lima",
    "zipcode": "44444-5555"
  },
  "id": 11
}
 
23:53:51.835 [pool-2-thread-4] INFO  com.intuit.karate - [print] created id is:  11 
23:53:51.835 [pool-2-thread-1] INFO  com.intuit.karate - [print] created id is:  11 
23:53:51.837 [pool-2-thread-5] INFO  com.intuit.karate - [print] created id is:  11 
23:53:51.837 [pool-2-thread-3] INFO  com.intuit.karate - [print] created id is:  11 
23:53:52.708 [pool-2-thread-2] DEBUG com.intuit.karate - response time in milliseconds: 1508
1 < 201
1 < Date: Fri, 22 Aug 2025 04:53:52 GMT
1 < Content-Type: application/json; charset=utf-8
1 < Content-Length: 216
1 < Connection: keep-alive
1 < Access-Control-Allow-Credentials: true
1 < Access-Control-Expose-Headers: Location
1 < Cache-Control: no-cache
1 < Etag: W/"d8-++GD30o/Hin3zroIPbg9/sHhHXg"
1 < Expires: -1
1 < Location: https://jsonplaceholder.typicode.com/users/11
1 < Nel: {"report_to":"heroku-nel","response_headers":["Via"],"max_age":3600,"success_fraction":0.01,"failure_fraction":0.1}
1 < Pragma: no-cache
1 < Report-To: {"group":"heroku-nel","endpoints":[{"url":"https://nel.heroku.com/reports?s=75aBuyxa6uDRnxAOBwASvXrBSKLFTEXrpULWwxoABsk%3D\u0026sid=e11707d5-02a7-43ef-b45e-2cf4d2036f7d\u0026ts=1755838432"}],"max_age":3600}
1 < Reporting-Endpoints: heroku-nel="https://nel.heroku.com/reports?s=75aBuyxa6uDRnxAOBwASvXrBSKLFTEXrpULWwxoABsk%3D&sid=e11707d5-02a7-43ef-b45e-2cf4d2036f7d&ts=1755838432"
1 < Server: cloudflare
1 < Vary: Origin, X-HTTP-Method-Override, Accept-Encoding
1 < Via: 2.0 heroku-router
1 < X-Content-Type-Options: nosniff
1 < X-Powered-By: Express
1 < X-Ratelimit-Limit: 1000
1 < X-Ratelimit-Remaining: 995
1 < X-Ratelimit-Reset: 1755838462
1 < Cf-Cache-Status: DYNAMIC
1 < Server-Timing: cfCacheStatus;desc="DYNAMIC"
1 < Server-Timing: cfEdge;dur=5,cfOrigin;dur=5
1 < CF-RAY: 972fc4da5a2da568-IAD
1 < alt-svc: h3=":443"; ma=86400
{
  "name": "Alice Smith",
  "username": "alices",
  "email": "alice@mail.com",
  "address": {
    "street": "Maple Street",
    "suite": "Suite 45B",
    "city": "Lima",
    "zipcode": "11111-2222"
  },
  "id": 11
}

23:53:52.711 [pool-2-thread-2] INFO  com.intuit.karate - [print] request body:  {
  "name": "Alice Smith",
  "username": "alices",
  "email": "alice@mail.com",
  "address": {
    "street": "Maple Street",
    "suite": "Suite 45B",
    "city": "Lima",
    "zipcode": "11111-2222"
  }
}
 
23:53:52.714 [pool-2-thread-2] INFO  com.intuit.karate - [print] response:  {
  "name": "Alice Smith",
  "username": "alices",
  "email": "alice@mail.com",
  "address": {
    "street": "Maple Street",
    "suite": "Suite 45B",
    "city": "Lima",
    "zipcode": "11111-2222"
  },
  "id": 11
}
 
23:53:52.716 [pool-2-thread-2] INFO  com.intuit.karate - [print] created id is:  11 
23:53:53.704 [pool-3-thread-1] INFO  com.intuit.karate.Suite - <<pass>> feature 1 of 1 (0 remaining) classpath:bdd/users/users.feature
23:54:07.970 [main] INFO  com.intuit.karate.Runner - using system property 'karate.options': --tags @regresion
23:54:09.095 [main] DEBUG com.intuit.karate.Suite - [config] classpath:karate-config.js
23:54:09.101 [main] INFO  com.intuit.karate.Suite - backed up existing 'target\karate-reports' dir to: target\karate-reports_1755838449097
23:54:10.662 [pool-2-thread-5] INFO  com.intuit.karate - karate.env system property was: null 
23:54:10.662 [pool-2-thread-2] INFO  com.intuit.karate - karate.env system property was: null 
23:54:10.662 [pool-2-thread-3] INFO  com.intuit.karate - karate.env system property was: null 
23:54:10.662 [pool-2-thread-1] INFO  com.intuit.karate - karate.env system property was: null 
23:54:10.662 [pool-2-thread-4] INFO  com.intuit.karate - karate.env system property was: null 
23:54:11.093 [pool-2-thread-5] DEBUG com.intuit.karate - request:
1 > POST https://jsonplaceholder.typicode.com/users
1 > Content-Type: application/json; charset=UTF-8
1 > Content-Length: 158
1 > Host: jsonplaceholder.typicode.com
1 > Connection: Keep-Alive
1 > User-Agent: Apache-HttpClient/4.5.14 (Java/17.0.4)
1 > Accept-Encoding: gzip,deflate
{"name":"Carla Lopez","username":"carlal","email":"carla@example.org","address":{"street":"Pine Road","suite":"Block 9","city":"Lima","zipcode":"33333-4444"}}

23:54:11.093 [pool-2-thread-1] DEBUG com.intuit.karate - request:
1 > GET https://jsonplaceholder.typicode.com/users
1 > Content-Type: application/json
1 > Host: jsonplaceholder.typicode.com
1 > Connection: Keep-Alive
1 > User-Agent: Apache-HttpClient/4.5.14 (Java/17.0.4)
1 > Accept-Encoding: gzip,deflate


23:54:11.093 [pool-2-thread-3] DEBUG com.intuit.karate - request:
1 > POST https://jsonplaceholder.typicode.com/users
1 > Content-Type: application/json; charset=UTF-8
1 > Content-Length: 160
1 > Host: jsonplaceholder.typicode.com
1 > Connection: Keep-Alive
1 > User-Agent: Apache-HttpClient/4.5.14 (Java/17.0.4)
1 > Accept-Encoding: gzip,deflate
{"name":"Alice Smith","username":"alices","email":"alice@mail.com","address":{"street":"Maple Street","suite":"Suite 45B","city":"Lima","zipcode":"11111-2222"}}

23:54:11.093 [pool-2-thread-4] DEBUG com.intuit.karate - request:
1 > POST https://jsonplaceholder.typicode.com/users
1 > Content-Type: application/json; charset=UTF-8
1 > Content-Length: 152
1 > Host: jsonplaceholder.typicode.com
1 > Connection: Keep-Alive
1 > User-Agent: Apache-HttpClient/4.5.14 (Java/17.0.4)
1 > Accept-Encoding: gzip,deflate
{"name":"Bob Johnson","username":"bobj","email":"bob@work.net","address":{"street":"Oak Avenue","suite":"Apt. 7A","city":"Lima","zipcode":"22222-3333"}}

23:54:11.093 [pool-2-thread-2] DEBUG com.intuit.karate - request:
1 > POST https://jsonplaceholder.typicode.com/users
1 > Content-Type: application/json; charset=UTF-8
1 > Content-Length: 157
1 > Host: jsonplaceholder.typicode.com
1 > Connection: Keep-Alive
1 > User-Agent: Apache-HttpClient/4.5.14 (Java/17.0.4)
1 > Accept-Encoding: gzip,deflate
{"name":"Test User","username":"testuser","email":"test@user.com","address":{"street":"Has No Name","suite":"Apt. 123","city":"Lima","zipcode":"54321-6789"}}

23:54:11.701 [pool-2-thread-5] DEBUG com.intuit.karate - response time in milliseconds: 604
1 < 201
1 < Date: Fri, 22 Aug 2025 04:54:11 GMT
1 < Content-Type: application/json; charset=utf-8
1 < Content-Length: 214
1 < Connection: keep-alive
1 < Access-Control-Allow-Credentials: true
1 < Access-Control-Expose-Headers: Location
1 < Cache-Control: no-cache
1 < Etag: W/"d6-XEZ+S344nNCUUY5Hwx2a0BaWvsE"
1 < Expires: -1
1 < Location: https://jsonplaceholder.typicode.com/users/11
1 < Nel: {"report_to":"heroku-nel","response_headers":["Via"],"max_age":3600,"success_fraction":0.01,"failure_fraction":0.1}
1 < Pragma: no-cache
1 < Report-To: {"group":"heroku-nel","endpoints":[{"url":"https://nel.heroku.com/reports?s=8AFVw5nIKah0E4yrlAkAZEn2F4URFSivngvfYY1maDU%3D\u0026sid=e11707d5-02a7-43ef-b45e-2cf4d2036f7d\u0026ts=1755838451"}],"max_age":3600}
1 < Reporting-Endpoints: heroku-nel="https://nel.heroku.com/reports?s=8AFVw5nIKah0E4yrlAkAZEn2F4URFSivngvfYY1maDU%3D&sid=e11707d5-02a7-43ef-b45e-2cf4d2036f7d&ts=1755838451"
1 < Server: cloudflare
1 < Vary: Origin, X-HTTP-Method-Override, Accept-Encoding
1 < Via: 2.0 heroku-router
1 < X-Content-Type-Options: nosniff
1 < X-Powered-By: Express
1 < X-Ratelimit-Limit: 1000
1 < X-Ratelimit-Remaining: 992
1 < X-Ratelimit-Reset: 1755838462
1 < Cf-Cache-Status: DYNAMIC
1 < Server-Timing: cfCacheStatus;desc="DYNAMIC"
1 < Server-Timing: cfEdge;dur=5,cfOrigin;dur=24
1 < CF-RAY: 972fc5511958498a-MIA
1 < alt-svc: h3=":443"; ma=86400
{
  "name": "Carla Lopez",
  "username": "carlal",
  "email": "carla@example.org",
  "address": {
    "street": "Pine Road",
    "suite": "Block 9",
    "city": "Lima",
    "zipcode": "33333-4444"
  },
  "id": 11
}

23:54:11.701 [pool-2-thread-4] DEBUG com.intuit.karate - response time in milliseconds: 603
1 < 201
1 < Date: Fri, 22 Aug 2025 04:54:11 GMT
1 < Content-Type: application/json; charset=utf-8
1 < Content-Length: 208
1 < Connection: keep-alive
1 < Access-Control-Allow-Credentials: true
1 < Access-Control-Expose-Headers: Location
1 < Cache-Control: no-cache
1 < Etag: W/"d0-q0jOsLfytlvVlcU6mAJCpHX0Pd4"
1 < Expires: -1
1 < Location: https://jsonplaceholder.typicode.com/users/11
1 < Nel: {"report_to":"heroku-nel","response_headers":["Via"],"max_age":3600,"success_fraction":0.01,"failure_fraction":0.1}
1 < Pragma: no-cache
1 < Report-To: {"group":"heroku-nel","endpoints":[{"url":"https://nel.heroku.com/reports?s=8AFVw5nIKah0E4yrlAkAZEn2F4URFSivngvfYY1maDU%3D\u0026sid=e11707d5-02a7-43ef-b45e-2cf4d2036f7d\u0026ts=1755838451"}],"max_age":3600}
1 < Reporting-Endpoints: heroku-nel="https://nel.heroku.com/reports?s=8AFVw5nIKah0E4yrlAkAZEn2F4URFSivngvfYY1maDU%3D&sid=e11707d5-02a7-43ef-b45e-2cf4d2036f7d&ts=1755838451"
1 < Server: cloudflare
1 < Vary: Origin, X-HTTP-Method-Override, Accept-Encoding
1 < Via: 2.0 heroku-router
1 < X-Content-Type-Options: nosniff
1 < X-Powered-By: Express
1 < X-Ratelimit-Limit: 1000
1 < X-Ratelimit-Remaining: 991
1 < X-Ratelimit-Reset: 1755838462
1 < Cf-Cache-Status: DYNAMIC
1 < Server-Timing: cfCacheStatus;desc="DYNAMIC"
1 < Server-Timing: cfEdge;dur=6,cfOrigin;dur=29
1 < CF-RAY: 972fc5511de6498c-MIA
1 < alt-svc: h3=":443"; ma=86400
{
  "name": "Bob Johnson",
  "username": "bobj",
  "email": "bob@work.net",
  "address": {
    "street": "Oak Avenue",
    "suite": "Apt. 7A",
    "city": "Lima",
    "zipcode": "22222-3333"
  },
  "id": 11
}

23:54:11.707 [pool-2-thread-4] INFO  com.intuit.karate - [print] request body:  {
  "name": "Bob Johnson",
  "username": "bobj",
  "email": "bob@work.net",
  "address": {
    "street": "Oak Avenue",
    "suite": "Apt. 7A",
    "city": "Lima",
    "zipcode": "22222-3333"
  }
}
 
23:54:11.707 [pool-2-thread-5] INFO  com.intuit.karate - [print] request body:  {
  "name": "Carla Lopez",
  "username": "carlal",
  "email": "carla@example.org",
  "address": {
    "street": "Pine Road",
    "suite": "Block 9",
    "city": "Lima",
    "zipcode": "33333-4444"
  }
}
 
23:54:11.710 [pool-2-thread-4] INFO  com.intuit.karate - [print] response:  {
  "name": "Bob Johnson",
  "username": "bobj",
  "email": "bob@work.net",
  "address": {
    "street": "Oak Avenue",
    "suite": "Apt. 7A",
    "city": "Lima",
    "zipcode": "22222-3333"
  },
  "id": 11
}
 
23:54:11.710 [pool-2-thread-5] INFO  com.intuit.karate - [print] response:  {
  "name": "Carla Lopez",
  "username": "carlal",
  "email": "carla@example.org",
  "address": {
    "street": "Pine Road",
    "suite": "Block 9",
    "city": "Lima",
    "zipcode": "33333-4444"
  },
  "id": 11
}
 
23:54:11.715 [pool-2-thread-5] INFO  com.intuit.karate - [print] created id is:  11 
23:54:11.715 [pool-2-thread-4] INFO  com.intuit.karate - [print] created id is:  11 
23:54:11.719 [pool-2-thread-3] DEBUG com.intuit.karate - response time in milliseconds: 624
1 < 201
1 < Date: Fri, 22 Aug 2025 04:54:11 GMT
1 < Content-Type: application/json; charset=utf-8
1 < Content-Length: 216
1 < Connection: keep-alive
1 < Access-Control-Allow-Credentials: true
1 < Access-Control-Expose-Headers: Location
1 < Cache-Control: no-cache
1 < Etag: W/"d8-++GD30o/Hin3zroIPbg9/sHhHXg"
1 < Expires: -1
1 < Location: https://jsonplaceholder.typicode.com/users/11
1 < Nel: {"report_to":"heroku-nel","response_headers":["Via"],"max_age":3600,"success_fraction":0.01,"failure_fraction":0.1}
1 < Pragma: no-cache
1 < Report-To: {"group":"heroku-nel","endpoints":[{"url":"https://nel.heroku.com/reports?s=8AFVw5nIKah0E4yrlAkAZEn2F4URFSivngvfYY1maDU%3D\u0026sid=e11707d5-02a7-43ef-b45e-2cf4d2036f7d\u0026ts=1755838451"}],"max_age":3600}
1 < Reporting-Endpoints: heroku-nel="https://nel.heroku.com/reports?s=8AFVw5nIKah0E4yrlAkAZEn2F4URFSivngvfYY1maDU%3D&sid=e11707d5-02a7-43ef-b45e-2cf4d2036f7d&ts=1755838451"
1 < Server: cloudflare
1 < Vary: Origin, X-HTTP-Method-Override, Accept-Encoding
1 < Via: 2.0 heroku-router
1 < X-Content-Type-Options: nosniff
1 < X-Powered-By: Express
1 < X-Ratelimit-Limit: 1000
1 < X-Ratelimit-Remaining: 994
1 < X-Ratelimit-Reset: 1755838462
1 < Cf-Cache-Status: DYNAMIC
1 < Server-Timing: cfCacheStatus;desc="DYNAMIC"
1 < Server-Timing: cfEdge;dur=4,cfOrigin;dur=4
1 < CF-RAY: 972fc5511aed3725-IAD
1 < alt-svc: h3=":443"; ma=86400
{
  "name": "Alice Smith",
  "username": "alices",
  "email": "alice@mail.com",
  "address": {
    "street": "Maple Street",
    "suite": "Suite 45B",
    "city": "Lima",
    "zipcode": "11111-2222"
  },
  "id": 11
}

23:54:11.724 [pool-2-thread-3] INFO  com.intuit.karate - [print] request body:  {
  "name": "Alice Smith",
  "username": "alices",
  "email": "alice@mail.com",
  "address": {
    "street": "Maple Street",
    "suite": "Suite 45B",
    "city": "Lima",
    "zipcode": "11111-2222"
  }
}
 
23:54:11.726 [pool-2-thread-2] DEBUG com.intuit.karate - response time in milliseconds: 631
1 < 201
1 < Date: Fri, 22 Aug 2025 04:54:11 GMT
1 < Content-Type: application/json; charset=utf-8
1 < Content-Length: 213
1 < Connection: keep-alive
1 < Access-Control-Allow-Credentials: true
1 < Access-Control-Expose-Headers: Location
1 < Cache-Control: no-cache
1 < Etag: W/"d5-lobPlkA2OG3FD/7HF6E+d2XgrU0"
1 < Expires: -1
1 < Location: https://jsonplaceholder.typicode.com/users/11
1 < Nel: {"report_to":"heroku-nel","response_headers":["Via"],"max_age":3600,"success_fraction":0.01,"failure_fraction":0.1}
1 < Pragma: no-cache
1 < Report-To: {"group":"heroku-nel","endpoints":[{"url":"https://nel.heroku.com/reports?s=8AFVw5nIKah0E4yrlAkAZEn2F4URFSivngvfYY1maDU%3D\u0026sid=e11707d5-02a7-43ef-b45e-2cf4d2036f7d\u0026ts=1755838451"}],"max_age":3600}
1 < Reporting-Endpoints: heroku-nel="https://nel.heroku.com/reports?s=8AFVw5nIKah0E4yrlAkAZEn2F4URFSivngvfYY1maDU%3D&sid=e11707d5-02a7-43ef-b45e-2cf4d2036f7d&ts=1755838451"
1 < Server: cloudflare
1 < Vary: Origin, X-HTTP-Method-Override, Accept-Encoding
1 < Via: 2.0 heroku-router
1 < X-Content-Type-Options: nosniff
1 < X-Powered-By: Express
1 < X-Ratelimit-Limit: 1000
1 < X-Ratelimit-Remaining: 993
1 < X-Ratelimit-Reset: 1755838462
1 < Cf-Cache-Status: DYNAMIC
1 < Server-Timing: cfCacheStatus;desc="DYNAMIC"
1 < Server-Timing: cfEdge;dur=3,cfOrigin;dur=16
1 < CF-RAY: 972fc5511db6e6f2-IAD
1 < alt-svc: h3=":443"; ma=86400
{
  "name": "Test User",
  "username": "testuser",
  "email": "test@user.com",
  "address": {
    "street": "Has No Name",
    "suite": "Apt. 123",
    "city": "Lima",
    "zipcode": "54321-6789"
  },
  "id": 11
}

23:54:11.727 [pool-2-thread-3] INFO  com.intuit.karate - [print] response:  {
  "name": "Alice Smith",
  "username": "alices",
  "email": "alice@mail.com",
  "address": {
    "street": "Maple Street",
    "suite": "Suite 45B",
    "city": "Lima",
    "zipcode": "11111-2222"
  },
  "id": 11
}
 
23:54:11.730 [pool-2-thread-3] INFO  com.intuit.karate - [print] created id is:  11 
23:54:11.732 [pool-2-thread-5] INFO  com.intuit.karate - karate.env system property was: null 
23:54:11.733 [pool-2-thread-2] INFO  com.intuit.karate - [print] request body:  {
  "name": "Test User",
  "username": "testuser",
  "email": "test@user.com",
  "address": {
    "street": "Has No Name",
    "suite": "Apt. 123",
    "city": "Lima",
    "zipcode": "54321-6789"
  }
}
 
23:54:11.735 [pool-2-thread-2] INFO  com.intuit.karate - [print] response:  {
  "name": "Test User",
  "username": "testuser",
  "email": "test@user.com",
  "address": {
    "street": "Has No Name",
    "suite": "Apt. 123",
    "city": "Lima",
    "zipcode": "54321-6789"
  },
  "id": 11
}
 
23:54:11.739 [pool-2-thread-2] INFO  com.intuit.karate - [print] created id is:  11 
23:54:11.749 [pool-2-thread-5] DEBUG com.intuit.karate - request:
1 > POST https://jsonplaceholder.typicode.com/users
1 > Content-Type: application/json; charset=UTF-8
1 > Content-Length: 161
1 > Host: jsonplaceholder.typicode.com
1 > Connection: Keep-Alive
1 > User-Agent: Apache-HttpClient/4.5.14 (Java/17.0.4)
1 > Accept-Encoding: gzip,deflate
{"name":"David Kim","username":"dkim2025","email":"david.kim@test.io","address":{"street":"Cedar Drive","suite":"Floor 12","city":"Lima","zipcode":"44444-5555"}}

23:54:11.909 [pool-2-thread-1] DEBUG com.intuit.karate - response time in milliseconds: 611
1 < 200
1 < Date: Fri, 22 Aug 2025 04:54:11 GMT
1 < Content-Type: application/json; charset=utf-8
1 < Connection: keep-alive
1 < Access-Control-Allow-Credentials: true
1 < Cache-Control: max-age=43200
1 < Etag: W/"160d-1eMSsxeJRfnVLRBmYJSbCiJZ1qQ"
1 < Expires: -1
1 < Nel: {"report_to":"heroku-nel","response_headers":["Via"],"max_age":3600,"success_fraction":0.01,"failure_fraction":0.1}
1 < Pragma: no-cache
1 < Report-To: {"group":"heroku-nel","endpoints":[{"url":"https://nel.heroku.com/reports?s=VYZQxhToqvUCCk5Qlt6%2BXAHWG9IcgWP%2BXNWxw%2BM3azw%3D\u0026sid=e11707d5-02a7-43ef-b45e-2cf4d2036f7d\u0026ts=1752501377"}],"max_age":3600}
1 < Reporting-Endpoints: heroku-nel="https://nel.heroku.com/reports?s=VYZQxhToqvUCCk5Qlt6%2BXAHWG9IcgWP%2BXNWxw%2BM3azw%3D&sid=e11707d5-02a7-43ef-b45e-2cf4d2036f7d&ts=1752501377"
1 < Server: cloudflare
1 < Vary: Origin, Accept-Encoding
1 < Via: 2.0 heroku-router
1 < X-Content-Type-Options: nosniff
1 < X-Powered-By: Express
1 < X-Ratelimit-Limit: 1000
1 < X-Ratelimit-Remaining: 999
1 < X-Ratelimit-Reset: 1752501412
1 < Age: 28121
1 < Cf-Cache-Status: HIT
1 < Server-Timing: cfCacheStatus;desc="HIT"
1 < Server-Timing: cfEdge;dur=6,cfOrigin;dur=0
1 < CF-RAY: 972fc551281b6163-ORD
1 < alt-svc: h3=":443"; ma=86400
[
  {
    "id": 1,
    "name": "Leanne Graham",
    "username": "Bret",
    "email": "Sincere@april.biz",
    "address": {
      "street": "Kulas Light",
      "suite": "Apt. 556",
      "city": "Gwenborough",
      "zipcode": "92998-3874",
      "geo": {
        "lat": "-37.3159",
        "lng": "81.1496"
      }
    },
    "phone": "1-770-736-8031 x56442",
    "website": "hildegard.org",
    "company": {
      "name": "Romaguera-Crona",
      "catchPhrase": "Multi-layered client-server neural-net",
      "bs": "harness real-time e-markets"
    }
  },
  {
    "id": 2,
    "name": "Ervin Howell",
    "username": "Antonette",
    "email": "Shanna@melissa.tv",
    "address": {
      "street": "Victor Plains",
      "suite": "Suite 879",
      "city": "Wisokyburgh",
      "zipcode": "90566-7771",
      "geo": {
        "lat": "-43.9509",
        "lng": "-34.4618"
      }
    },
    "phone": "010-692-6593 x09125",
    "website": "anastasia.net",
    "company": {
      "name": "Deckow-Crist",
      "catchPhrase": "Proactive didactic contingency",
      "bs": "synergize scalable supply-chains"
    }
  },
  {
    "id": 3,
    "name": "Clementine Bauch",
    "username": "Samantha",
    "email": "Nathan@yesenia.net",
    "address": {
      "street": "Douglas Extension",
      "suite": "Suite 847",
      "city": "McKenziehaven",
      "zipcode": "59590-4157",
      "geo": {
        "lat": "-68.6102",
        "lng": "-47.0653"
      }
    },
    "phone": "1-463-123-4447",
    "website": "ramiro.info",
    "company": {
      "name": "Romaguera-Jacobson",
      "catchPhrase": "Face to face bifurcated interface",
      "bs": "e-enable strategic applications"
    }
  },
  {
    "id": 4,
    "name": "Patricia Lebsack",
    "username": "Karianne",
    "email": "Julianne.OConner@kory.org",
    "address": {
      "street": "Hoeger Mall",
      "suite": "Apt. 692",
      "city": "South Elvis",
      "zipcode": "53919-4257",
      "geo": {
        "lat": "29.4572",
        "lng": "-164.2990"
      }
    },
    "phone": "493-170-9623 x156",
    "website": "kale.biz",
    "company": {
      "name": "Robel-Corkery",
      "catchPhrase": "Multi-tiered zero tolerance productivity",
      "bs": "transition cutting-edge web services"
    }
  },
  {
    "id": 5,
    "name": "Chelsey Dietrich",
    "username": "Kamren",
    "email": "Lucio_Hettinger@annie.ca",
    "address": {
      "street": "Skiles Walks",
      "suite": "Suite 351",
      "city": "Roscoeview",
      "zipcode": "33263",
      "geo": {
        "lat": "-31.8129",
        "lng": "62.5342"
      }
    },
    "phone": "(254)954-1289",
    "website": "demarco.info",
    "company": {
      "name": "Keebler LLC",
      "catchPhrase": "User-centric fault-tolerant solution",
      "bs": "revolutionize end-to-end systems"
    }
  },
  {
    "id": 6,
    "name": "Mrs. Dennis Schulist",
    "username": "Leopoldo_Corkery",
    "email": "Karley_Dach@jasper.info",
    "address": {
      "street": "Norberto Crossing",
      "suite": "Apt. 950",
      "city": "South Christy",
      "zipcode": "23505-1337",
      "geo": {
        "lat": "-71.4197",
        "lng": "71.7478"
      }
    },
    "phone": "1-477-935-8478 x6430",
    "website": "ola.org",
    "company": {
      "name": "Considine-Lockman",
      "catchPhrase": "Synchronised bottom-line interface",
      "bs": "e-enable innovative applications"
    }
  },
  {
    "id": 7,
    "name": "Kurtis Weissnat",
    "username": "Elwyn.Skiles",
    "email": "Telly.Hoeger@billy.biz",
    "address": {
      "street": "Rex Trail",
      "suite": "Suite 280",
      "city": "Howemouth",
      "zipcode": "58804-1099",
      "geo": {
        "lat": "24.8918",
        "lng": "21.8984"
      }
    },
    "phone": "210.067.6132",
    "website": "elvis.io",
    "company": {
      "name": "Johns Group",
      "catchPhrase": "Configurable multimedia task-force",
      "bs": "generate enterprise e-tailers"
    }
  },
  {
    "id": 8,
    "name": "Nicholas Runolfsdottir V",
    "username": "Maxime_Nienow",
    "email": "Sherwood@rosamond.me",
    "address": {
      "street": "Ellsworth Summit",
      "suite": "Suite 729",
      "city": "Aliyaview",
      "zipcode": "45169",
      "geo": {
        "lat": "-14.3990",
        "lng": "-120.7677"
      }
    },
    "phone": "586.493.6943 x140",
    "website": "jacynthe.com",
    "company": {
      "name": "Abernathy Group",
      "catchPhrase": "Implemented secondary concept",
      "bs": "e-enable extensible e-tailers"
    }
  },
  {
    "id": 9,
    "name": "Glenna Reichert",
    "username": "Delphine",
    "email": "Chaim_McDermott@dana.io",
    "address": {
      "street": "Dayna Park",
      "suite": "Suite 449",
      "city": "Bartholomebury",
      "zipcode": "76495-3109",
      "geo": {
        "lat": "24.6463",
        "lng": "-168.8889"
      }
    },
    "phone": "(775)976-6794 x41206",
    "website": "conrad.com",
    "company": {
      "name": "Yost and Sons",
      "catchPhrase": "Switchable contextually-based project",
      "bs": "aggregate real-time technologies"
    }
  },
  {
    "id": 10,
    "name": "Clementina DuBuque",
    "username": "Moriah.Stanton",
    "email": "Rey.Padberg@karina.biz",
    "address": {
      "street": "Kattie Turnpike",
      "suite": "Suite 198",
      "city": "Lebsackbury",
      "zipcode": "31428-2261",
      "geo": {
        "lat": "-38.2386",
        "lng": "57.2232"
      }
    },
    "phone": "024-648-3804",
    "website": "ambrose.net",
    "company": {
      "name": "Hoeger LLC",
      "catchPhrase": "Centralized empowering task-force",
      "bs": "target end-to-end models"
    }
  }
]

23:54:11.946 [pool-2-thread-1] ERROR com.intuit.karate - classpath:bdd/users/users.feature:15
* def first = response[utils.numeroAleatorio(50)]
js failed:
>>>>
01: response[utils.numeroAleatorio(50)]
<<<<
org.graalvm.polyglot.PolyglotException: Index 20 out of bounds for length 10
- java.base/jdk.internal.util.Preconditions.outOfBounds(Preconditions.java:64)
- java.base/jdk.internal.util.Preconditions.outOfBoundsCheckIndex(Preconditions.java:70)
- java.base/jdk.internal.util.Preconditions.checkIndex(Preconditions.java:266)
- java.base/java.util.Objects.checkIndex(Objects.java:359)
- java.base/java.util.ArrayList.get(ArrayList.java:427)
- com.intuit.karate.graal.JsList.get(JsList.java:60)
- <js>.:program(Unnamed:1)

classpath:bdd/users/users.feature:15
23:54:12.220 [pool-2-thread-5] DEBUG com.intuit.karate - response time in milliseconds: 470
1 < 201
1 < Date: Fri, 22 Aug 2025 04:54:11 GMT
1 < Content-Type: application/json; charset=utf-8
1 < Content-Length: 217
1 < Connection: keep-alive
1 < Access-Control-Allow-Credentials: true
1 < Access-Control-Expose-Headers: Location
1 < Cache-Control: no-cache
1 < Etag: W/"d9-1wD4UVbBPhEjAvTufrTpPuPiqhc"
1 < Expires: -1
1 < Location: https://jsonplaceholder.typicode.com/users/11
1 < Nel: {"report_to":"heroku-nel","response_headers":["Via"],"max_age":3600,"success_fraction":0.01,"failure_fraction":0.1}
1 < Pragma: no-cache
1 < Report-To: {"group":"heroku-nel","endpoints":[{"url":"https://nel.heroku.com/reports?s=8AFVw5nIKah0E4yrlAkAZEn2F4URFSivngvfYY1maDU%3D\u0026sid=e11707d5-02a7-43ef-b45e-2cf4d2036f7d\u0026ts=1755838451"}],"max_age":3600}
1 < Reporting-Endpoints: heroku-nel="https://nel.heroku.com/reports?s=8AFVw5nIKah0E4yrlAkAZEn2F4URFSivngvfYY1maDU%3D&sid=e11707d5-02a7-43ef-b45e-2cf4d2036f7d&ts=1755838451"
1 < Server: cloudflare
1 < Vary: Origin, X-HTTP-Method-Override, Accept-Encoding
1 < Via: 2.0 heroku-router
1 < X-Content-Type-Options: nosniff
1 < X-Powered-By: Express
1 < X-Ratelimit-Limit: 1000
1 < X-Ratelimit-Remaining: 990
1 < X-Ratelimit-Reset: 1755838462
1 < Cf-Cache-Status: DYNAMIC
1 < Server-Timing: cfCacheStatus;desc="DYNAMIC"
1 < Server-Timing: cfEdge;dur=6,cfOrigin;dur=83
1 < CF-RAY: 972fc553f88ed9f1-MIA
1 < alt-svc: h3=":443"; ma=86400
{
  "name": "David Kim",
  "username": "dkim2025",
  "email": "david.kim@test.io",
  "address": {
    "street": "Cedar Drive",
    "suite": "Floor 12",
    "city": "Lima",
    "zipcode": "44444-5555"
  },
  "id": 11
}

23:54:12.223 [pool-2-thread-5] INFO  com.intuit.karate - [print] request body:  {
  "name": "David Kim",
  "username": "dkim2025",
  "email": "david.kim@test.io",
  "address": {
    "street": "Cedar Drive",
    "suite": "Floor 12",
    "city": "Lima",
    "zipcode": "44444-5555"
  }
}
 
23:54:12.224 [pool-2-thread-5] INFO  com.intuit.karate - [print] response:  {
  "name": "David Kim",
  "username": "dkim2025",
  "email": "david.kim@test.io",
  "address": {
    "street": "Cedar Drive",
    "suite": "Floor 12",
    "city": "Lima",
    "zipcode": "44444-5555"
  },
  "id": 11
}
 
23:54:12.226 [pool-2-thread-5] INFO  com.intuit.karate - [print] created id is:  11 
23:54:13.445 [pool-3-thread-1] INFO  com.intuit.karate.Suite - <<fail>> feature 1 of 1 (0 remaining) classpath:bdd/users/users.feature
23:54:49.910 [main] INFO  com.intuit.karate.Runner - using system property 'karate.options': --tags @regresion
23:54:51.083 [main] DEBUG com.intuit.karate.Suite - [config] classpath:karate-config.js
23:54:51.089 [main] INFO  com.intuit.karate.Suite - backed up existing 'target\karate-reports' dir to: target\karate-reports_1755838491084
23:54:52.738 [pool-2-thread-3] INFO  com.intuit.karate - karate.env system property was: null 
23:54:52.738 [pool-2-thread-4] INFO  com.intuit.karate - karate.env system property was: null 
23:54:52.738 [pool-2-thread-2] INFO  com.intuit.karate - karate.env system property was: null 
23:54:52.738 [pool-2-thread-1] INFO  com.intuit.karate - karate.env system property was: null 
23:54:52.738 [pool-2-thread-5] INFO  com.intuit.karate - karate.env system property was: null 
23:54:53.606 [pool-2-thread-3] DEBUG com.intuit.karate - request:
1 > POST https://jsonplaceholder.typicode.com/users
1 > Content-Type: application/json; charset=UTF-8
1 > Content-Length: 160
1 > Host: jsonplaceholder.typicode.com
1 > Connection: Keep-Alive
1 > User-Agent: Apache-HttpClient/4.5.14 (Java/17.0.4)
1 > Accept-Encoding: gzip,deflate
{"name":"Alice Smith","username":"alices","email":"alice@mail.com","address":{"street":"Maple Street","suite":"Suite 45B","city":"Lima","zipcode":"11111-2222"}}

23:54:53.606 [pool-2-thread-5] DEBUG com.intuit.karate - request:
1 > POST https://jsonplaceholder.typicode.com/users
1 > Content-Type: application/json; charset=UTF-8
1 > Content-Length: 158
1 > Host: jsonplaceholder.typicode.com
1 > Connection: Keep-Alive
1 > User-Agent: Apache-HttpClient/4.5.14 (Java/17.0.4)
1 > Accept-Encoding: gzip,deflate
{"name":"Carla Lopez","username":"carlal","email":"carla@example.org","address":{"street":"Pine Road","suite":"Block 9","city":"Lima","zipcode":"33333-4444"}}

23:54:53.606 [pool-2-thread-1] DEBUG com.intuit.karate - request:
1 > GET https://jsonplaceholder.typicode.com/users
1 > Content-Type: application/json
1 > Host: jsonplaceholder.typicode.com
1 > Connection: Keep-Alive
1 > User-Agent: Apache-HttpClient/4.5.14 (Java/17.0.4)
1 > Accept-Encoding: gzip,deflate


23:54:53.606 [pool-2-thread-2] DEBUG com.intuit.karate - request:
1 > POST https://jsonplaceholder.typicode.com/users
1 > Content-Type: application/json; charset=UTF-8
1 > Content-Length: 157
1 > Host: jsonplaceholder.typicode.com
1 > Connection: Keep-Alive
1 > User-Agent: Apache-HttpClient/4.5.14 (Java/17.0.4)
1 > Accept-Encoding: gzip,deflate
{"name":"Test User","username":"testuser","email":"test@user.com","address":{"street":"Has No Name","suite":"Apt. 123","city":"Lima","zipcode":"54321-6789"}}

23:54:53.606 [pool-2-thread-4] DEBUG com.intuit.karate - request:
1 > POST https://jsonplaceholder.typicode.com/users
1 > Content-Type: application/json; charset=UTF-8
1 > Content-Length: 152
1 > Host: jsonplaceholder.typicode.com
1 > Connection: Keep-Alive
1 > User-Agent: Apache-HttpClient/4.5.14 (Java/17.0.4)
1 > Accept-Encoding: gzip,deflate
{"name":"Bob Johnson","username":"bobj","email":"bob@work.net","address":{"street":"Oak Avenue","suite":"Apt. 7A","city":"Lima","zipcode":"22222-3333"}}

23:54:54.409 [pool-2-thread-5] DEBUG com.intuit.karate - response time in milliseconds: 799
1 < 201
1 < Date: Fri, 22 Aug 2025 04:54:54 GMT
1 < Content-Type: application/json; charset=utf-8
1 < Content-Length: 214
1 < Connection: keep-alive
1 < Access-Control-Allow-Credentials: true
1 < Access-Control-Expose-Headers: Location
1 < Cache-Control: no-cache
1 < Etag: W/"d6-XEZ+S344nNCUUY5Hwx2a0BaWvsE"
1 < Expires: -1
1 < Location: https://jsonplaceholder.typicode.com/users/11
1 < Nel: {"report_to":"heroku-nel","response_headers":["Via"],"max_age":3600,"success_fraction":0.01,"failure_fraction":0.1}
1 < Pragma: no-cache
1 < Report-To: {"group":"heroku-nel","endpoints":[{"url":"https://nel.heroku.com/reports?s=U3XIIOMOAFSoHk82qUpE%2Bg6OtTcMyYaNqhE554spmac%3D\u0026sid=e11707d5-02a7-43ef-b45e-2cf4d2036f7d\u0026ts=1755838494"}],"max_age":3600}
1 < Reporting-Endpoints: heroku-nel="https://nel.heroku.com/reports?s=U3XIIOMOAFSoHk82qUpE%2Bg6OtTcMyYaNqhE554spmac%3D&sid=e11707d5-02a7-43ef-b45e-2cf4d2036f7d&ts=1755838494"
1 < Server: cloudflare
1 < Vary: Origin, X-HTTP-Method-Override, Accept-Encoding
1 < Via: 2.0 heroku-router
1 < X-Content-Type-Options: nosniff
1 < X-Powered-By: Express
1 < X-Ratelimit-Limit: 1000
1 < X-Ratelimit-Remaining: 998
1 < X-Ratelimit-Reset: 1755838522
1 < Cf-Cache-Status: DYNAMIC
1 < Server-Timing: cfCacheStatus;desc="DYNAMIC"
1 < Server-Timing: cfEdge;dur=4,cfOrigin;dur=5
1 < CF-RAY: 972fc65bfe423019-IAD
1 < alt-svc: h3=":443"; ma=86400
{
  "name": "Carla Lopez",
  "username": "carlal",
  "email": "carla@example.org",
  "address": {
    "street": "Pine Road",
    "suite": "Block 9",
    "city": "Lima",
    "zipcode": "33333-4444"
  },
  "id": 11
}

23:54:54.409 [pool-2-thread-3] DEBUG com.intuit.karate - response time in milliseconds: 799
1 < 201
1 < Date: Fri, 22 Aug 2025 04:54:54 GMT
1 < Content-Type: application/json; charset=utf-8
1 < Content-Length: 216
1 < Connection: keep-alive
1 < Access-Control-Allow-Credentials: true
1 < Access-Control-Expose-Headers: Location
1 < Cache-Control: no-cache
1 < Etag: W/"d8-++GD30o/Hin3zroIPbg9/sHhHXg"
1 < Expires: -1
1 < Location: https://jsonplaceholder.typicode.com/users/11
1 < Nel: {"report_to":"heroku-nel","response_headers":["Via"],"max_age":3600,"success_fraction":0.01,"failure_fraction":0.1}
1 < Pragma: no-cache
1 < Report-To: {"group":"heroku-nel","endpoints":[{"url":"https://nel.heroku.com/reports?s=U3XIIOMOAFSoHk82qUpE%2Bg6OtTcMyYaNqhE554spmac%3D\u0026sid=e11707d5-02a7-43ef-b45e-2cf4d2036f7d\u0026ts=1755838494"}],"max_age":3600}
1 < Reporting-Endpoints: heroku-nel="https://nel.heroku.com/reports?s=U3XIIOMOAFSoHk82qUpE%2Bg6OtTcMyYaNqhE554spmac%3D&sid=e11707d5-02a7-43ef-b45e-2cf4d2036f7d&ts=1755838494"
1 < Server: cloudflare
1 < Vary: Origin, X-HTTP-Method-Override, Accept-Encoding
1 < Via: 2.0 heroku-router
1 < X-Content-Type-Options: nosniff
1 < X-Powered-By: Express
1 < X-Ratelimit-Limit: 1000
1 < X-Ratelimit-Remaining: 999
1 < X-Ratelimit-Reset: 1755838522
1 < Cf-Cache-Status: DYNAMIC
1 < Server-Timing: cfCacheStatus;desc="DYNAMIC"
1 < Server-Timing: cfEdge;dur=3,cfOrigin;dur=5
1 < CF-RAY: 972fc65bfb6e8be3-IAD
1 < alt-svc: h3=":443"; ma=86400
{
  "name": "Alice Smith",
  "username": "alices",
  "email": "alice@mail.com",
  "address": {
    "street": "Maple Street",
    "suite": "Suite 45B",
    "city": "Lima",
    "zipcode": "11111-2222"
  },
  "id": 11
}

23:54:54.414 [pool-2-thread-3] INFO  com.intuit.karate - [print] request body:  {
  "name": "Alice Smith",
  "username": "alices",
  "email": "alice@mail.com",
  "address": {
    "street": "Maple Street",
    "suite": "Suite 45B",
    "city": "Lima",
    "zipcode": "11111-2222"
  }
}
 
23:54:54.414 [pool-2-thread-5] INFO  com.intuit.karate - [print] request body:  {
  "name": "Carla Lopez",
  "username": "carlal",
  "email": "carla@example.org",
  "address": {
    "street": "Pine Road",
    "suite": "Block 9",
    "city": "Lima",
    "zipcode": "33333-4444"
  }
}
 
23:54:54.416 [pool-2-thread-3] INFO  com.intuit.karate - [print] response:  {
  "name": "Alice Smith",
  "username": "alices",
  "email": "alice@mail.com",
  "address": {
    "street": "Maple Street",
    "suite": "Suite 45B",
    "city": "Lima",
    "zipcode": "11111-2222"
  },
  "id": 11
}
 
23:54:54.416 [pool-2-thread-5] INFO  com.intuit.karate - [print] response:  {
  "name": "Carla Lopez",
  "username": "carlal",
  "email": "carla@example.org",
  "address": {
    "street": "Pine Road",
    "suite": "Block 9",
    "city": "Lima",
    "zipcode": "33333-4444"
  },
  "id": 11
}
 
23:54:54.421 [pool-2-thread-3] INFO  com.intuit.karate - [print] created id is:  11 
23:54:54.421 [pool-2-thread-5] INFO  com.intuit.karate - [print] created id is:  11 
23:54:54.423 [pool-2-thread-4] DEBUG com.intuit.karate - response time in milliseconds: 815
1 < 201
1 < Date: Fri, 22 Aug 2025 04:54:54 GMT
1 < Content-Type: application/json; charset=utf-8
1 < Content-Length: 208
1 < Connection: keep-alive
1 < Access-Control-Allow-Credentials: true
1 < Access-Control-Expose-Headers: Location
1 < Cache-Control: no-cache
1 < Etag: W/"d0-q0jOsLfytlvVlcU6mAJCpHX0Pd4"
1 < Expires: -1
1 < Location: https://jsonplaceholder.typicode.com/users/11
1 < Nel: {"report_to":"heroku-nel","response_headers":["Via"],"max_age":3600,"success_fraction":0.01,"failure_fraction":0.1}
1 < Pragma: no-cache
1 < Report-To: {"group":"heroku-nel","endpoints":[{"url":"https://nel.heroku.com/reports?s=U3XIIOMOAFSoHk82qUpE%2Bg6OtTcMyYaNqhE554spmac%3D\u0026sid=e11707d5-02a7-43ef-b45e-2cf4d2036f7d\u0026ts=1755838494"}],"max_age":3600}
1 < Reporting-Endpoints: heroku-nel="https://nel.heroku.com/reports?s=U3XIIOMOAFSoHk82qUpE%2Bg6OtTcMyYaNqhE554spmac%3D&sid=e11707d5-02a7-43ef-b45e-2cf4d2036f7d&ts=1755838494"
1 < Server: cloudflare
1 < Vary: Origin, X-HTTP-Method-Override, Accept-Encoding
1 < Via: 2.0 heroku-router
1 < X-Content-Type-Options: nosniff
1 < X-Powered-By: Express
1 < X-Ratelimit-Limit: 1000
1 < X-Ratelimit-Remaining: 997
1 < X-Ratelimit-Reset: 1755838522
1 < Cf-Cache-Status: DYNAMIC
1 < Server-Timing: cfCacheStatus;desc="DYNAMIC"
1 < Server-Timing: cfEdge;dur=4,cfOrigin;dur=15
1 < CF-RAY: 972fc65bfae938b3-IAD
1 < alt-svc: h3=":443"; ma=86400
{
  "name": "Bob Johnson",
  "username": "bobj",
  "email": "bob@work.net",
  "address": {
    "street": "Oak Avenue",
    "suite": "Apt. 7A",
    "city": "Lima",
    "zipcode": "22222-3333"
  },
  "id": 11
}

23:54:54.426 [pool-2-thread-4] INFO  com.intuit.karate - [print] request body:  {
  "name": "Bob Johnson",
  "username": "bobj",
  "email": "bob@work.net",
  "address": {
    "street": "Oak Avenue",
    "suite": "Apt. 7A",
    "city": "Lima",
    "zipcode": "22222-3333"
  }
}
 
23:54:54.429 [pool-2-thread-4] INFO  com.intuit.karate - [print] response:  {
  "name": "Bob Johnson",
  "username": "bobj",
  "email": "bob@work.net",
  "address": {
    "street": "Oak Avenue",
    "suite": "Apt. 7A",
    "city": "Lima",
    "zipcode": "22222-3333"
  },
  "id": 11
}
 
23:54:54.430 [pool-2-thread-5] INFO  com.intuit.karate - karate.env system property was: null 
23:54:54.432 [pool-2-thread-4] INFO  com.intuit.karate - [print] created id is:  11 
23:54:54.440 [pool-2-thread-5] DEBUG com.intuit.karate - request:
1 > POST https://jsonplaceholder.typicode.com/users
1 > Content-Type: application/json; charset=UTF-8
1 > Content-Length: 161
1 > Host: jsonplaceholder.typicode.com
1 > Connection: Keep-Alive
1 > User-Agent: Apache-HttpClient/4.5.14 (Java/17.0.4)
1 > Accept-Encoding: gzip,deflate
{"name":"David Kim","username":"dkim2025","email":"david.kim@test.io","address":{"street":"Cedar Drive","suite":"Floor 12","city":"Lima","zipcode":"44444-5555"}}

23:54:54.534 [pool-2-thread-1] DEBUG com.intuit.karate - response time in milliseconds: 800
1 < 200
1 < Date: Fri, 22 Aug 2025 04:54:54 GMT
1 < Content-Type: application/json; charset=utf-8
1 < Connection: keep-alive
1 < Access-Control-Allow-Credentials: true
1 < Cache-Control: max-age=43200
1 < Etag: W/"160d-1eMSsxeJRfnVLRBmYJSbCiJZ1qQ"
1 < Expires: -1
1 < Nel: {"report_to":"heroku-nel","response_headers":["Via"],"max_age":3600,"success_fraction":0.01,"failure_fraction":0.1}
1 < Pragma: no-cache
1 < Report-To: {"group":"heroku-nel","endpoints":[{"url":"https://nel.heroku.com/reports?s=6Xq98VAvImEUe02fEpSKME9QAZMnsc4coB0%2FpWlf%2FQs%3D\u0026sid=e11707d5-02a7-43ef-b45e-2cf4d2036f7d\u0026ts=1755835141"}],"max_age":3600}
1 < Reporting-Endpoints: heroku-nel="https://nel.heroku.com/reports?s=6Xq98VAvImEUe02fEpSKME9QAZMnsc4coB0%2FpWlf%2FQs%3D&sid=e11707d5-02a7-43ef-b45e-2cf4d2036f7d&ts=1755835141"
1 < Server: cloudflare
1 < Vary: Origin, Accept-Encoding
1 < Via: 2.0 heroku-router
1 < X-Content-Type-Options: nosniff
1 < X-Powered-By: Express
1 < X-Ratelimit-Limit: 1000
1 < X-Ratelimit-Remaining: 999
1 < X-Ratelimit-Reset: 1755835162
1 < Age: 3352
1 < Cf-Cache-Status: HIT
1 < Server-Timing: cfCacheStatus;desc="HIT"
1 < Server-Timing: cfEdge;dur=3,cfOrigin;dur=0
1 < CF-RAY: 972fc65bffa63450-IAD
1 < alt-svc: h3=":443"; ma=86400
[
  {
    "id": 1,
    "name": "Leanne Graham",
    "username": "Bret",
    "email": "Sincere@april.biz",
    "address": {
      "street": "Kulas Light",
      "suite": "Apt. 556",
      "city": "Gwenborough",
      "zipcode": "92998-3874",
      "geo": {
        "lat": "-37.3159",
        "lng": "81.1496"
      }
    },
    "phone": "1-770-736-8031 x56442",
    "website": "hildegard.org",
    "company": {
      "name": "Romaguera-Crona",
      "catchPhrase": "Multi-layered client-server neural-net",
      "bs": "harness real-time e-markets"
    }
  },
  {
    "id": 2,
    "name": "Ervin Howell",
    "username": "Antonette",
    "email": "Shanna@melissa.tv",
    "address": {
      "street": "Victor Plains",
      "suite": "Suite 879",
      "city": "Wisokyburgh",
      "zipcode": "90566-7771",
      "geo": {
        "lat": "-43.9509",
        "lng": "-34.4618"
      }
    },
    "phone": "010-692-6593 x09125",
    "website": "anastasia.net",
    "company": {
      "name": "Deckow-Crist",
      "catchPhrase": "Proactive didactic contingency",
      "bs": "synergize scalable supply-chains"
    }
  },
  {
    "id": 3,
    "name": "Clementine Bauch",
    "username": "Samantha",
    "email": "Nathan@yesenia.net",
    "address": {
      "street": "Douglas Extension",
      "suite": "Suite 847",
      "city": "McKenziehaven",
      "zipcode": "59590-4157",
      "geo": {
        "lat": "-68.6102",
        "lng": "-47.0653"
      }
    },
    "phone": "1-463-123-4447",
    "website": "ramiro.info",
    "company": {
      "name": "Romaguera-Jacobson",
      "catchPhrase": "Face to face bifurcated interface",
      "bs": "e-enable strategic applications"
    }
  },
  {
    "id": 4,
    "name": "Patricia Lebsack",
    "username": "Karianne",
    "email": "Julianne.OConner@kory.org",
    "address": {
      "street": "Hoeger Mall",
      "suite": "Apt. 692",
      "city": "South Elvis",
      "zipcode": "53919-4257",
      "geo": {
        "lat": "29.4572",
        "lng": "-164.2990"
      }
    },
    "phone": "493-170-9623 x156",
    "website": "kale.biz",
    "company": {
      "name": "Robel-Corkery",
      "catchPhrase": "Multi-tiered zero tolerance productivity",
      "bs": "transition cutting-edge web services"
    }
  },
  {
    "id": 5,
    "name": "Chelsey Dietrich",
    "username": "Kamren",
    "email": "Lucio_Hettinger@annie.ca",
    "address": {
      "street": "Skiles Walks",
      "suite": "Suite 351",
      "city": "Roscoeview",
      "zipcode": "33263",
      "geo": {
        "lat": "-31.8129",
        "lng": "62.5342"
      }
    },
    "phone": "(254)954-1289",
    "website": "demarco.info",
    "company": {
      "name": "Keebler LLC",
      "catchPhrase": "User-centric fault-tolerant solution",
      "bs": "revolutionize end-to-end systems"
    }
  },
  {
    "id": 6,
    "name": "Mrs. Dennis Schulist",
    "username": "Leopoldo_Corkery",
    "email": "Karley_Dach@jasper.info",
    "address": {
      "street": "Norberto Crossing",
      "suite": "Apt. 950",
      "city": "South Christy",
      "zipcode": "23505-1337",
      "geo": {
        "lat": "-71.4197",
        "lng": "71.7478"
      }
    },
    "phone": "1-477-935-8478 x6430",
    "website": "ola.org",
    "company": {
      "name": "Considine-Lockman",
      "catchPhrase": "Synchronised bottom-line interface",
      "bs": "e-enable innovative applications"
    }
  },
  {
    "id": 7,
    "name": "Kurtis Weissnat",
    "username": "Elwyn.Skiles",
    "email": "Telly.Hoeger@billy.biz",
    "address": {
      "street": "Rex Trail",
      "suite": "Suite 280",
      "city": "Howemouth",
      "zipcode": "58804-1099",
      "geo": {
        "lat": "24.8918",
        "lng": "21.8984"
      }
    },
    "phone": "210.067.6132",
    "website": "elvis.io",
    "company": {
      "name": "Johns Group",
      "catchPhrase": "Configurable multimedia task-force",
      "bs": "generate enterprise e-tailers"
    }
  },
  {
    "id": 8,
    "name": "Nicholas Runolfsdottir V",
    "username": "Maxime_Nienow",
    "email": "Sherwood@rosamond.me",
    "address": {
      "street": "Ellsworth Summit",
      "suite": "Suite 729",
      "city": "Aliyaview",
      "zipcode": "45169",
      "geo": {
        "lat": "-14.3990",
        "lng": "-120.7677"
      }
    },
    "phone": "586.493.6943 x140",
    "website": "jacynthe.com",
    "company": {
      "name": "Abernathy Group",
      "catchPhrase": "Implemented secondary concept",
      "bs": "e-enable extensible e-tailers"
    }
  },
  {
    "id": 9,
    "name": "Glenna Reichert",
    "username": "Delphine",
    "email": "Chaim_McDermott@dana.io",
    "address": {
      "street": "Dayna Park",
      "suite": "Suite 449",
      "city": "Bartholomebury",
      "zipcode": "76495-3109",
      "geo": {
        "lat": "24.6463",
        "lng": "-168.8889"
      }
    },
    "phone": "(775)976-6794 x41206",
    "website": "conrad.com",
    "company": {
      "name": "Yost and Sons",
      "catchPhrase": "Switchable contextually-based project",
      "bs": "aggregate real-time technologies"
    }
  },
  {
    "id": 10,
    "name": "Clementina DuBuque",
    "username": "Moriah.Stanton",
    "email": "Rey.Padberg@karina.biz",
    "address": {
      "street": "Kattie Turnpike",
      "suite": "Suite 198",
      "city": "Lebsackbury",
      "zipcode": "31428-2261",
      "geo": {
        "lat": "-38.2386",
        "lng": "57.2232"
      }
    },
    "phone": "024-648-3804",
    "website": "ambrose.net",
    "company": {
      "name": "Hoeger LLC",
      "catchPhrase": "Centralized empowering task-force",
      "bs": "target end-to-end models"
    }
  }
]

23:54:54.570 [pool-2-thread-1] DEBUG com.intuit.karate - request:
2 > GET https://jsonplaceholder.typicode.com/users/2
2 > Host: jsonplaceholder.typicode.com
2 > Connection: Keep-Alive
2 > User-Agent: Apache-HttpClient/4.5.14 (Java/17.0.4)
2 > Accept-Encoding: gzip,deflate


23:54:54.734 [pool-2-thread-2] DEBUG com.intuit.karate - response time in milliseconds: 1126
1 < 201
1 < Date: Fri, 22 Aug 2025 04:54:54 GMT
1 < Content-Type: application/json; charset=utf-8
1 < Content-Length: 213
1 < Connection: keep-alive
1 < Access-Control-Allow-Credentials: true
1 < Access-Control-Expose-Headers: Location
1 < Cache-Control: no-cache
1 < Etag: W/"d5-lobPlkA2OG3FD/7HF6E+d2XgrU0"
1 < Expires: -1
1 < Location: https://jsonplaceholder.typicode.com/users/11
1 < Nel: {"report_to":"heroku-nel","response_headers":["Via"],"max_age":3600,"success_fraction":0.01,"failure_fraction":0.1}
1 < Pragma: no-cache
1 < Report-To: {"group":"heroku-nel","endpoints":[{"url":"https://nel.heroku.com/reports?s=U3XIIOMOAFSoHk82qUpE%2Bg6OtTcMyYaNqhE554spmac%3D\u0026sid=e11707d5-02a7-43ef-b45e-2cf4d2036f7d\u0026ts=1755838494"}],"max_age":3600}
1 < Reporting-Endpoints: heroku-nel="https://nel.heroku.com/reports?s=U3XIIOMOAFSoHk82qUpE%2Bg6OtTcMyYaNqhE554spmac%3D&sid=e11707d5-02a7-43ef-b45e-2cf4d2036f7d&ts=1755838494"
1 < Server: cloudflare
1 < Vary: Origin, X-HTTP-Method-Override, Accept-Encoding
1 < Via: 2.0 heroku-router
1 < X-Content-Type-Options: nosniff
1 < X-Powered-By: Express
1 < X-Ratelimit-Limit: 1000
1 < X-Ratelimit-Remaining: 996
1 < X-Ratelimit-Reset: 1755838522
1 < Cf-Cache-Status: DYNAMIC
1 < Server-Timing: cfCacheStatus;desc="DYNAMIC"
1 < Server-Timing: cfEdge;dur=3,cfOrigin;dur=257
1 < CF-RAY: 972fc65c4ddeb82b-CDG
1 < alt-svc: h3=":443"; ma=86400
{
  "name": "Test User",
  "username": "testuser",
  "email": "test@user.com",
  "address": {
    "street": "Has No Name",
    "suite": "Apt. 123",
    "city": "Lima",
    "zipcode": "54321-6789"
  },
  "id": 11
}

23:54:54.740 [pool-2-thread-2] INFO  com.intuit.karate - [print] request body:  {
  "name": "Test User",
  "username": "testuser",
  "email": "test@user.com",
  "address": {
    "street": "Has No Name",
    "suite": "Apt. 123",
    "city": "Lima",
    "zipcode": "54321-6789"
  }
}
 
23:54:54.742 [pool-2-thread-2] INFO  com.intuit.karate - [print] response:  {
  "name": "Test User",
  "username": "testuser",
  "email": "test@user.com",
  "address": {
    "street": "Has No Name",
    "suite": "Apt. 123",
    "city": "Lima",
    "zipcode": "54321-6789"
  },
  "id": 11
}
 
23:54:54.746 [pool-2-thread-2] INFO  com.intuit.karate - [print] created id is:  11 
23:54:54.854 [pool-2-thread-5] DEBUG com.intuit.karate - response time in milliseconds: 413
1 < 201
1 < Date: Fri, 22 Aug 2025 04:54:54 GMT
1 < Content-Type: application/json; charset=utf-8
1 < Content-Length: 217
1 < Connection: keep-alive
1 < Access-Control-Allow-Credentials: true
1 < Access-Control-Expose-Headers: Location
1 < Cache-Control: no-cache
1 < Etag: W/"d9-1wD4UVbBPhEjAvTufrTpPuPiqhc"
1 < Expires: -1
1 < Location: https://jsonplaceholder.typicode.com/users/11
1 < Nel: {"report_to":"heroku-nel","response_headers":["Via"],"max_age":3600,"success_fraction":0.01,"failure_fraction":0.1}
1 < Pragma: no-cache
1 < Report-To: {"group":"heroku-nel","endpoints":[{"url":"https://nel.heroku.com/reports?s=U3XIIOMOAFSoHk82qUpE%2Bg6OtTcMyYaNqhE554spmac%3D\u0026sid=e11707d5-02a7-43ef-b45e-2cf4d2036f7d\u0026ts=1755838494"}],"max_age":3600}
1 < Reporting-Endpoints: heroku-nel="https://nel.heroku.com/reports?s=U3XIIOMOAFSoHk82qUpE%2Bg6OtTcMyYaNqhE554spmac%3D&sid=e11707d5-02a7-43ef-b45e-2cf4d2036f7d&ts=1755838494"
1 < Server: cloudflare
1 < Vary: Origin, X-HTTP-Method-Override, Accept-Encoding
1 < Via: 2.0 heroku-router
1 < X-Content-Type-Options: nosniff
1 < X-Powered-By: Express
1 < X-Ratelimit-Limit: 1000
1 < X-Ratelimit-Remaining: 995
1 < X-Ratelimit-Reset: 1755838522
1 < Cf-Cache-Status: DYNAMIC
1 < Server-Timing: cfCacheStatus;desc="DYNAMIC"
1 < Server-Timing: cfEdge;dur=4,cfOrigin;dur=16
1 < CF-RAY: 972fc65eca642952-IAD
1 < alt-svc: h3=":443"; ma=86400
{
  "name": "David Kim",
  "username": "dkim2025",
  "email": "david.kim@test.io",
  "address": {
    "street": "Cedar Drive",
    "suite": "Floor 12",
    "city": "Lima",
    "zipcode": "44444-5555"
  },
  "id": 11
}

23:54:54.856 [pool-2-thread-5] INFO  com.intuit.karate - [print] request body:  {
  "name": "David Kim",
  "username": "dkim2025",
  "email": "david.kim@test.io",
  "address": {
    "street": "Cedar Drive",
    "suite": "Floor 12",
    "city": "Lima",
    "zipcode": "44444-5555"
  }
}
 
23:54:54.858 [pool-2-thread-5] INFO  com.intuit.karate - [print] response:  {
  "name": "David Kim",
  "username": "dkim2025",
  "email": "david.kim@test.io",
  "address": {
    "street": "Cedar Drive",
    "suite": "Floor 12",
    "city": "Lima",
    "zipcode": "44444-5555"
  },
  "id": 11
}
 
23:54:54.859 [pool-2-thread-5] INFO  com.intuit.karate - [print] created id is:  11 
23:54:55.337 [pool-2-thread-1] DEBUG com.intuit.karate - response time in milliseconds: 765
2 < 200
2 < Date: Fri, 22 Aug 2025 04:54:54 GMT
2 < Content-Type: application/json; charset=utf-8
2 < Transfer-Encoding: chunked
2 < Connection: keep-alive
2 < Access-Control-Allow-Credentials: true
2 < Cache-Control: max-age=43200
2 < Etag: W/"1fd-XTG63SYhaP/Uo6/vgmARnL3rpBk"
2 < Expires: -1
2 < Nel: {"report_to":"heroku-nel","response_headers":["Via"],"max_age":3600,"success_fraction":0.01,"failure_fraction":0.1}
2 < Pragma: no-cache
2 < Report-To: {"group":"heroku-nel","endpoints":[{"url":"https://nel.heroku.com/reports?s=TwtUpSscBkmd2rZkrk185i2YvCx3ikkY0YRFDblUwFw%3D\u0026sid=e11707d5-02a7-43ef-b45e-2cf4d2036f7d\u0026ts=1755723683"}],"max_age":3600}
2 < Reporting-Endpoints: heroku-nel="https://nel.heroku.com/reports?s=TwtUpSscBkmd2rZkrk185i2YvCx3ikkY0YRFDblUwFw%3D&sid=e11707d5-02a7-43ef-b45e-2cf4d2036f7d&ts=1755723683"
2 < Server: cloudflare
2 < Vary: Origin, Accept-Encoding
2 < Via: 2.0 heroku-router
2 < X-Content-Type-Options: nosniff
2 < X-Powered-By: Express
2 < X-Ratelimit-Limit: 1000
2 < X-Ratelimit-Remaining: 995
2 < X-Ratelimit-Reset: 1755723697
2 < Age: 24843
2 < Cf-Cache-Status: HIT
2 < Server-Timing: cfCacheStatus;desc="HIT"
2 < Server-Timing: cfEdge;dur=11,cfOrigin;dur=0
2 < CF-RAY: 972fc6612b5413f4-CDG
2 < alt-svc: h3=":443"; ma=86400
{
  "id": 2,
  "name": "Ervin Howell",
  "username": "Antonette",
  "email": "Shanna@melissa.tv",
  "address": {
    "street": "Victor Plains",
    "suite": "Suite 879",
    "city": "Wisokyburgh",
    "zipcode": "90566-7771",
    "geo": {
      "lat": "-43.9509",
      "lng": "-34.4618"
    }
  },
  "phone": "010-692-6593 x09125",
  "website": "anastasia.net",
  "company": {
    "name": "Deckow-Crist",
    "catchPhrase": "Proactive didactic contingency",
    "bs": "synergize scalable supply-chains"
  }
}

23:54:56.337 [pool-3-thread-1] INFO  com.intuit.karate.Suite - <<pass>> feature 1 of 1 (0 remaining) classpath:bdd/users/users.feature
23:57:19.028 [main] INFO  com.intuit.karate.Runner - using system property 'karate.options': --tags @regresion
23:57:20.242 [main] DEBUG com.intuit.karate.Suite - [config] classpath:karate-config.js
23:57:20.247 [main] INFO  com.intuit.karate.Suite - backed up existing 'target\karate-reports' dir to: target\karate-reports_1755838640244
23:57:21.889 [pool-2-thread-1] INFO  com.intuit.karate - karate.env system property was: null 
23:57:21.979 [pool-2-thread-3] INFO  com.intuit.karate - karate.env system property was: null 
23:57:21.980 [pool-2-thread-2] INFO  com.intuit.karate - karate.env system property was: null 
23:57:21.992 [pool-2-thread-5] INFO  com.intuit.karate - karate.env system property was: null 
23:57:21.994 [pool-2-thread-4] INFO  com.intuit.karate - karate.env system property was: null 
23:57:22.413 [pool-2-thread-5] DEBUG com.intuit.karate - request:
1 > POST https://jsonplaceholder.typicode.com/users
1 > Content-Type: application/json; charset=UTF-8
1 > Content-Length: 158
1 > Host: jsonplaceholder.typicode.com
1 > Connection: Keep-Alive
1 > User-Agent: Apache-HttpClient/4.5.14 (Java/17.0.4)
1 > Accept-Encoding: gzip,deflate
{"name":"Carla Lopez","username":"carlal","email":"carla@example.org","address":{"street":"Pine Road","suite":"Block 9","city":"Lima","zipcode":"33333-4444"}}

23:57:22.413 [pool-2-thread-3] DEBUG com.intuit.karate - request:
1 > POST https://jsonplaceholder.typicode.com/users
1 > Content-Type: application/json; charset=UTF-8
1 > Content-Length: 160
1 > Host: jsonplaceholder.typicode.com
1 > Connection: Keep-Alive
1 > User-Agent: Apache-HttpClient/4.5.14 (Java/17.0.4)
1 > Accept-Encoding: gzip,deflate
{"name":"Alice Smith","username":"alices","email":"alice@mail.com","address":{"street":"Maple Street","suite":"Suite 45B","city":"Lima","zipcode":"11111-2222"}}

23:57:22.413 [pool-2-thread-2] DEBUG com.intuit.karate - request:
1 > POST https://jsonplaceholder.typicode.com/users
1 > Content-Type: application/json; charset=UTF-8
1 > Content-Length: 157
1 > Host: jsonplaceholder.typicode.com
1 > Connection: Keep-Alive
1 > User-Agent: Apache-HttpClient/4.5.14 (Java/17.0.4)
1 > Accept-Encoding: gzip,deflate
{"name":"Test User","username":"testuser","email":"test@user.com","address":{"street":"Has No Name","suite":"Apt. 123","city":"Lima","zipcode":"54321-6789"}}

23:57:22.413 [pool-2-thread-1] DEBUG com.intuit.karate - request:
1 > GET https://jsonplaceholder.typicode.com/users
1 > Content-Type: application/json
1 > Host: jsonplaceholder.typicode.com
1 > Connection: Keep-Alive
1 > User-Agent: Apache-HttpClient/4.5.14 (Java/17.0.4)
1 > Accept-Encoding: gzip,deflate


23:57:22.413 [pool-2-thread-4] DEBUG com.intuit.karate - request:
1 > POST https://jsonplaceholder.typicode.com/users
1 > Content-Type: application/json; charset=UTF-8
1 > Content-Length: 152
1 > Host: jsonplaceholder.typicode.com
1 > Connection: Keep-Alive
1 > User-Agent: Apache-HttpClient/4.5.14 (Java/17.0.4)
1 > Accept-Encoding: gzip,deflate
{"name":"Bob Johnson","username":"bobj","email":"bob@work.net","address":{"street":"Oak Avenue","suite":"Apt. 7A","city":"Lima","zipcode":"22222-3333"}}

23:57:23.154 [pool-2-thread-4] DEBUG com.intuit.karate - response time in milliseconds: 737
1 < 201
1 < Date: Fri, 22 Aug 2025 04:57:22 GMT
1 < Content-Type: application/json; charset=utf-8
1 < Content-Length: 208
1 < Connection: keep-alive
1 < Access-Control-Allow-Credentials: true
1 < Access-Control-Expose-Headers: Location
1 < Cache-Control: no-cache
1 < Etag: W/"d0-q0jOsLfytlvVlcU6mAJCpHX0Pd4"
1 < Expires: -1
1 < Location: https://jsonplaceholder.typicode.com/users/11
1 < Nel: {"report_to":"heroku-nel","response_headers":["Via"],"max_age":3600,"success_fraction":0.01,"failure_fraction":0.1}
1 < Pragma: no-cache
1 < Report-To: {"group":"heroku-nel","endpoints":[{"url":"https://nel.heroku.com/reports?s=L9Z0D5r2mwJKtnmo2iT5jxFZbdbugrKvuqA8yBzot9A%3D\u0026sid=e11707d5-02a7-43ef-b45e-2cf4d2036f7d\u0026ts=1755838642"}],"max_age":3600}
1 < Reporting-Endpoints: heroku-nel="https://nel.heroku.com/reports?s=L9Z0D5r2mwJKtnmo2iT5jxFZbdbugrKvuqA8yBzot9A%3D&sid=e11707d5-02a7-43ef-b45e-2cf4d2036f7d&ts=1755838642"
1 < Server: cloudflare
1 < Vary: Origin, X-HTTP-Method-Override, Accept-Encoding
1 < Via: 2.0 heroku-router
1 < X-Content-Type-Options: nosniff
1 < X-Powered-By: Express
1 < X-Ratelimit-Limit: 1000
1 < X-Ratelimit-Remaining: 999
1 < X-Ratelimit-Reset: 1755838702
1 < Cf-Cache-Status: DYNAMIC
1 < Server-Timing: cfCacheStatus;desc="DYNAMIC"
1 < Server-Timing: cfEdge;dur=3,cfOrigin;dur=32
1 < CF-RAY: 972fc9fd7fd631bb-IAD
1 < alt-svc: h3=":443"; ma=86400
{
  "name": "Bob Johnson",
  "username": "bobj",
  "email": "bob@work.net",
  "address": {
    "street": "Oak Avenue",
    "suite": "Apt. 7A",
    "city": "Lima",
    "zipcode": "22222-3333"
  },
  "id": 11
}

23:57:23.158 [pool-2-thread-4] INFO  com.intuit.karate - [print] request body:  {
  "name": "Bob Johnson",
  "username": "bobj",
  "email": "bob@work.net",
  "address": {
    "street": "Oak Avenue",
    "suite": "Apt. 7A",
    "city": "Lima",
    "zipcode": "22222-3333"
  }
}
 
23:57:23.161 [pool-2-thread-4] INFO  com.intuit.karate - [print] response:  {
  "name": "Bob Johnson",
  "username": "bobj",
  "email": "bob@work.net",
  "address": {
    "street": "Oak Avenue",
    "suite": "Apt. 7A",
    "city": "Lima",
    "zipcode": "22222-3333"
  },
  "id": 11
}
 
23:57:23.166 [pool-2-thread-4] INFO  com.intuit.karate - [print] created id is:  11 
23:57:23.176 [pool-2-thread-4] INFO  com.intuit.karate - karate.env system property was: null 
23:57:23.191 [pool-2-thread-4] DEBUG com.intuit.karate - request:
1 > POST https://jsonplaceholder.typicode.com/users
1 > Content-Type: application/json; charset=UTF-8
1 > Content-Length: 161
1 > Host: jsonplaceholder.typicode.com
1 > Connection: Keep-Alive
1 > User-Agent: Apache-HttpClient/4.5.14 (Java/17.0.4)
1 > Accept-Encoding: gzip,deflate
{"name":"David Kim","username":"dkim2025","email":"david.kim@test.io","address":{"street":"Cedar Drive","suite":"Floor 12","city":"Lima","zipcode":"44444-5555"}}

23:57:23.320 [pool-2-thread-1] DEBUG com.intuit.karate - response time in milliseconds: 720
1 < 200
1 < Date: Fri, 22 Aug 2025 04:57:22 GMT
1 < Content-Type: application/json; charset=utf-8
1 < Connection: keep-alive
1 < Access-Control-Allow-Credentials: true
1 < Cache-Control: max-age=43200
1 < Etag: W/"160d-1eMSsxeJRfnVLRBmYJSbCiJZ1qQ"
1 < Expires: -1
1 < Nel: {"report_to":"heroku-nel","response_headers":["Via"],"max_age":3600,"success_fraction":0.01,"failure_fraction":0.1}
1 < Pragma: no-cache
1 < Report-To: {"group":"heroku-nel","endpoints":[{"url":"https://nel.heroku.com/reports?s=VYZQxhToqvUCCk5Qlt6%2BXAHWG9IcgWP%2BXNWxw%2BM3azw%3D\u0026sid=e11707d5-02a7-43ef-b45e-2cf4d2036f7d\u0026ts=1752501377"}],"max_age":3600}
1 < Reporting-Endpoints: heroku-nel="https://nel.heroku.com/reports?s=VYZQxhToqvUCCk5Qlt6%2BXAHWG9IcgWP%2BXNWxw%2BM3azw%3D&sid=e11707d5-02a7-43ef-b45e-2cf4d2036f7d&ts=1752501377"
1 < Server: cloudflare
1 < Vary: Origin, Accept-Encoding
1 < Via: 2.0 heroku-router
1 < X-Content-Type-Options: nosniff
1 < X-Powered-By: Express
1 < X-Ratelimit-Limit: 1000
1 < X-Ratelimit-Remaining: 999
1 < X-Ratelimit-Reset: 1752501412
1 < Age: 28312
1 < Cf-Cache-Status: HIT
1 < Server-Timing: cfCacheStatus;desc="HIT"
1 < Server-Timing: cfEdge;dur=4,cfOrigin;dur=0
1 < CF-RAY: 972fc9fd8f028e1c-ORD
1 < alt-svc: h3=":443"; ma=86400
[
  {
    "id": 1,
    "name": "Leanne Graham",
    "username": "Bret",
    "email": "Sincere@april.biz",
    "address": {
      "street": "Kulas Light",
      "suite": "Apt. 556",
      "city": "Gwenborough",
      "zipcode": "92998-3874",
      "geo": {
        "lat": "-37.3159",
        "lng": "81.1496"
      }
    },
    "phone": "1-770-736-8031 x56442",
    "website": "hildegard.org",
    "company": {
      "name": "Romaguera-Crona",
      "catchPhrase": "Multi-layered client-server neural-net",
      "bs": "harness real-time e-markets"
    }
  },
  {
    "id": 2,
    "name": "Ervin Howell",
    "username": "Antonette",
    "email": "Shanna@melissa.tv",
    "address": {
      "street": "Victor Plains",
      "suite": "Suite 879",
      "city": "Wisokyburgh",
      "zipcode": "90566-7771",
      "geo": {
        "lat": "-43.9509",
        "lng": "-34.4618"
      }
    },
    "phone": "010-692-6593 x09125",
    "website": "anastasia.net",
    "company": {
      "name": "Deckow-Crist",
      "catchPhrase": "Proactive didactic contingency",
      "bs": "synergize scalable supply-chains"
    }
  },
  {
    "id": 3,
    "name": "Clementine Bauch",
    "username": "Samantha",
    "email": "Nathan@yesenia.net",
    "address": {
      "street": "Douglas Extension",
      "suite": "Suite 847",
      "city": "McKenziehaven",
      "zipcode": "59590-4157",
      "geo": {
        "lat": "-68.6102",
        "lng": "-47.0653"
      }
    },
    "phone": "1-463-123-4447",
    "website": "ramiro.info",
    "company": {
      "name": "Romaguera-Jacobson",
      "catchPhrase": "Face to face bifurcated interface",
      "bs": "e-enable strategic applications"
    }
  },
  {
    "id": 4,
    "name": "Patricia Lebsack",
    "username": "Karianne",
    "email": "Julianne.OConner@kory.org",
    "address": {
      "street": "Hoeger Mall",
      "suite": "Apt. 692",
      "city": "South Elvis",
      "zipcode": "53919-4257",
      "geo": {
        "lat": "29.4572",
        "lng": "-164.2990"
      }
    },
    "phone": "493-170-9623 x156",
    "website": "kale.biz",
    "company": {
      "name": "Robel-Corkery",
      "catchPhrase": "Multi-tiered zero tolerance productivity",
      "bs": "transition cutting-edge web services"
    }
  },
  {
    "id": 5,
    "name": "Chelsey Dietrich",
    "username": "Kamren",
    "email": "Lucio_Hettinger@annie.ca",
    "address": {
      "street": "Skiles Walks",
      "suite": "Suite 351",
      "city": "Roscoeview",
      "zipcode": "33263",
      "geo": {
        "lat": "-31.8129",
        "lng": "62.5342"
      }
    },
    "phone": "(254)954-1289",
    "website": "demarco.info",
    "company": {
      "name": "Keebler LLC",
      "catchPhrase": "User-centric fault-tolerant solution",
      "bs": "revolutionize end-to-end systems"
    }
  },
  {
    "id": 6,
    "name": "Mrs. Dennis Schulist",
    "username": "Leopoldo_Corkery",
    "email": "Karley_Dach@jasper.info",
    "address": {
      "street": "Norberto Crossing",
      "suite": "Apt. 950",
      "city": "South Christy",
      "zipcode": "23505-1337",
      "geo": {
        "lat": "-71.4197",
        "lng": "71.7478"
      }
    },
    "phone": "1-477-935-8478 x6430",
    "website": "ola.org",
    "company": {
      "name": "Considine-Lockman",
      "catchPhrase": "Synchronised bottom-line interface",
      "bs": "e-enable innovative applications"
    }
  },
  {
    "id": 7,
    "name": "Kurtis Weissnat",
    "username": "Elwyn.Skiles",
    "email": "Telly.Hoeger@billy.biz",
    "address": {
      "street": "Rex Trail",
      "suite": "Suite 280",
      "city": "Howemouth",
      "zipcode": "58804-1099",
      "geo": {
        "lat": "24.8918",
        "lng": "21.8984"
      }
    },
    "phone": "210.067.6132",
    "website": "elvis.io",
    "company": {
      "name": "Johns Group",
      "catchPhrase": "Configurable multimedia task-force",
      "bs": "generate enterprise e-tailers"
    }
  },
  {
    "id": 8,
    "name": "Nicholas Runolfsdottir V",
    "username": "Maxime_Nienow",
    "email": "Sherwood@rosamond.me",
    "address": {
      "street": "Ellsworth Summit",
      "suite": "Suite 729",
      "city": "Aliyaview",
      "zipcode": "45169",
      "geo": {
        "lat": "-14.3990",
        "lng": "-120.7677"
      }
    },
    "phone": "586.493.6943 x140",
    "website": "jacynthe.com",
    "company": {
      "name": "Abernathy Group",
      "catchPhrase": "Implemented secondary concept",
      "bs": "e-enable extensible e-tailers"
    }
  },
  {
    "id": 9,
    "name": "Glenna Reichert",
    "username": "Delphine",
    "email": "Chaim_McDermott@dana.io",
    "address": {
      "street": "Dayna Park",
      "suite": "Suite 449",
      "city": "Bartholomebury",
      "zipcode": "76495-3109",
      "geo": {
        "lat": "24.6463",
        "lng": "-168.8889"
      }
    },
    "phone": "(775)976-6794 x41206",
    "website": "conrad.com",
    "company": {
      "name": "Yost and Sons",
      "catchPhrase": "Switchable contextually-based project",
      "bs": "aggregate real-time technologies"
    }
  },
  {
    "id": 10,
    "name": "Clementina DuBuque",
    "username": "Moriah.Stanton",
    "email": "Rey.Padberg@karina.biz",
    "address": {
      "street": "Kattie Turnpike",
      "suite": "Suite 198",
      "city": "Lebsackbury",
      "zipcode": "31428-2261",
      "geo": {
        "lat": "-38.2386",
        "lng": "57.2232"
      }
    },
    "phone": "024-648-3804",
    "website": "ambrose.net",
    "company": {
      "name": "Hoeger LLC",
      "catchPhrase": "Centralized empowering task-force",
      "bs": "target end-to-end models"
    }
  }
]

23:57:23.355 [pool-2-thread-1] DEBUG com.intuit.karate - request:
2 > GET https://jsonplaceholder.typicode.com/users/10
2 > Host: jsonplaceholder.typicode.com
2 > Connection: Keep-Alive
2 > User-Agent: Apache-HttpClient/4.5.14 (Java/17.0.4)
2 > Accept-Encoding: gzip,deflate


23:57:23.428 [pool-2-thread-2] DEBUG com.intuit.karate - response time in milliseconds: 1013
1 < 201
1 < Date: Fri, 22 Aug 2025 04:57:23 GMT
1 < Content-Type: application/json; charset=utf-8
1 < Content-Length: 213
1 < Connection: keep-alive
1 < Access-Control-Allow-Credentials: true
1 < Access-Control-Expose-Headers: Location
1 < Cache-Control: no-cache
1 < Etag: W/"d5-lobPlkA2OG3FD/7HF6E+d2XgrU0"
1 < Expires: -1
1 < Location: https://jsonplaceholder.typicode.com/users/11
1 < Nel: {"report_to":"heroku-nel","response_headers":["Via"],"max_age":3600,"success_fraction":0.01,"failure_fraction":0.1}
1 < Pragma: no-cache
1 < Report-To: {"group":"heroku-nel","endpoints":[{"url":"https://nel.heroku.com/reports?s=jdPTB1vb9mamSfPMnr9kvHU%2BSTQ9ZX0yzP6CSWHuTfk%3D\u0026sid=e11707d5-02a7-43ef-b45e-2cf4d2036f7d\u0026ts=1755838643"}],"max_age":3600}
1 < Reporting-Endpoints: heroku-nel="https://nel.heroku.com/reports?s=jdPTB1vb9mamSfPMnr9kvHU%2BSTQ9ZX0yzP6CSWHuTfk%3D&sid=e11707d5-02a7-43ef-b45e-2cf4d2036f7d&ts=1755838643"
1 < Server: cloudflare
1 < Vary: Origin, X-HTTP-Method-Override, Accept-Encoding
1 < Via: 2.0 heroku-router
1 < X-Content-Type-Options: nosniff
1 < X-Powered-By: Express
1 < X-Ratelimit-Limit: 1000
1 < X-Ratelimit-Remaining: 997
1 < X-Ratelimit-Reset: 1755838702
1 < Cf-Cache-Status: DYNAMIC
1 < Server-Timing: cfCacheStatus;desc="DYNAMIC"
1 < Server-Timing: cfEdge;dur=7,cfOrigin;dur=235
1 < CF-RAY: 972fc9fdb979149b-LHR
1 < alt-svc: h3=":443"; ma=86400
{
  "name": "Test User",
  "username": "testuser",
  "email": "test@user.com",
  "address": {
    "street": "Has No Name",
    "suite": "Apt. 123",
    "city": "Lima",
    "zipcode": "54321-6789"
  },
  "id": 11
}

23:57:23.432 [pool-2-thread-2] INFO  com.intuit.karate - [print] request body:  {
  "name": "Test User",
  "username": "testuser",
  "email": "test@user.com",
  "address": {
    "street": "Has No Name",
    "suite": "Apt. 123",
    "city": "Lima",
    "zipcode": "54321-6789"
  }
}
 
23:57:23.435 [pool-2-thread-2] INFO  com.intuit.karate - [print] response:  {
  "name": "Test User",
  "username": "testuser",
  "email": "test@user.com",
  "address": {
    "street": "Has No Name",
    "suite": "Apt. 123",
    "city": "Lima",
    "zipcode": "54321-6789"
  },
  "id": 11
}
 
23:57:23.439 [pool-2-thread-2] INFO  com.intuit.karate - [print] created id is:  11 
23:57:23.451 [pool-2-thread-5] DEBUG com.intuit.karate - response time in milliseconds: 1036
1 < 201
1 < Date: Fri, 22 Aug 2025 04:57:23 GMT
1 < Content-Type: application/json; charset=utf-8
1 < Content-Length: 214
1 < Connection: keep-alive
1 < Access-Control-Allow-Credentials: true
1 < Access-Control-Expose-Headers: Location
1 < Cache-Control: no-cache
1 < Etag: W/"d6-XEZ+S344nNCUUY5Hwx2a0BaWvsE"
1 < Expires: -1
1 < Location: https://jsonplaceholder.typicode.com/users/11
1 < Nel: {"report_to":"heroku-nel","response_headers":["Via"],"max_age":3600,"success_fraction":0.01,"failure_fraction":0.1}
1 < Pragma: no-cache
1 < Report-To: {"group":"heroku-nel","endpoints":[{"url":"https://nel.heroku.com/reports?s=jdPTB1vb9mamSfPMnr9kvHU%2BSTQ9ZX0yzP6CSWHuTfk%3D\u0026sid=e11707d5-02a7-43ef-b45e-2cf4d2036f7d\u0026ts=1755838643"}],"max_age":3600}
1 < Reporting-Endpoints: heroku-nel="https://nel.heroku.com/reports?s=jdPTB1vb9mamSfPMnr9kvHU%2BSTQ9ZX0yzP6CSWHuTfk%3D&sid=e11707d5-02a7-43ef-b45e-2cf4d2036f7d&ts=1755838643"
1 < Server: cloudflare
1 < Vary: Origin, X-HTTP-Method-Override, Accept-Encoding
1 < Via: 2.0 heroku-router
1 < X-Content-Type-Options: nosniff
1 < X-Powered-By: Express
1 < X-Ratelimit-Limit: 1000
1 < X-Ratelimit-Remaining: 996
1 < X-Ratelimit-Reset: 1755838702
1 < Cf-Cache-Status: DYNAMIC
1 < Server-Timing: cfCacheStatus;desc="DYNAMIC"
1 < Server-Timing: cfEdge;dur=4,cfOrigin;dur=255
1 < CF-RAY: 972fc9fdcd7af533-CDG
1 < alt-svc: h3=":443"; ma=86400
{
  "name": "Carla Lopez",
  "username": "carlal",
  "email": "carla@example.org",
  "address": {
    "street": "Pine Road",
    "suite": "Block 9",
    "city": "Lima",
    "zipcode": "33333-4444"
  },
  "id": 11
}

23:57:23.456 [pool-2-thread-5] INFO  com.intuit.karate - [print] request body:  {
  "name": "Carla Lopez",
  "username": "carlal",
  "email": "carla@example.org",
  "address": {
    "street": "Pine Road",
    "suite": "Block 9",
    "city": "Lima",
    "zipcode": "33333-4444"
  }
}
 
23:57:23.460 [pool-2-thread-5] INFO  com.intuit.karate - [print] response:  {
  "name": "Carla Lopez",
  "username": "carlal",
  "email": "carla@example.org",
  "address": {
    "street": "Pine Road",
    "suite": "Block 9",
    "city": "Lima",
    "zipcode": "33333-4444"
  },
  "id": 11
}
 
23:57:23.463 [pool-2-thread-5] INFO  com.intuit.karate - [print] created id is:  11 
23:57:23.567 [pool-2-thread-3] DEBUG com.intuit.karate - response time in milliseconds: 1153
1 < 201
1 < Date: Fri, 22 Aug 2025 04:57:22 GMT
1 < Content-Type: application/json; charset=utf-8
1 < Content-Length: 216
1 < Connection: keep-alive
1 < Access-Control-Allow-Credentials: true
1 < Access-Control-Expose-Headers: Location
1 < Cache-Control: no-cache
1 < Etag: W/"d8-++GD30o/Hin3zroIPbg9/sHhHXg"
1 < Expires: -1
1 < Location: https://jsonplaceholder.typicode.com/users/11
1 < Nel: {"report_to":"heroku-nel","response_headers":["Via"],"max_age":3600,"success_fraction":0.01,"failure_fraction":0.1}
1 < Pragma: no-cache
1 < Report-To: {"group":"heroku-nel","endpoints":[{"url":"https://nel.heroku.com/reports?s=L9Z0D5r2mwJKtnmo2iT5jxFZbdbugrKvuqA8yBzot9A%3D\u0026sid=e11707d5-02a7-43ef-b45e-2cf4d2036f7d\u0026ts=1755838642"}],"max_age":3600}
1 < Reporting-Endpoints: heroku-nel="https://nel.heroku.com/reports?s=L9Z0D5r2mwJKtnmo2iT5jxFZbdbugrKvuqA8yBzot9A%3D&sid=e11707d5-02a7-43ef-b45e-2cf4d2036f7d&ts=1755838642"
1 < Server: cloudflare
1 < Vary: Origin, X-HTTP-Method-Override, Accept-Encoding
1 < Via: 2.0 heroku-router
1 < X-Content-Type-Options: nosniff
1 < X-Powered-By: Express
1 < X-Ratelimit-Limit: 1000
1 < X-Ratelimit-Remaining: 998
1 < X-Ratelimit-Reset: 1755838702
1 < Cf-Cache-Status: DYNAMIC
1 < Server-Timing: cfCacheStatus;desc="DYNAMIC"
1 < Server-Timing: cfEdge;dur=6,cfOrigin;dur=75
1 < CF-RAY: 972fc9fd8a4d37b9-ORD
1 < alt-svc: h3=":443"; ma=86400
{
  "name": "Alice Smith",
  "username": "alices",
  "email": "alice@mail.com",
  "address": {
    "street": "Maple Street",
    "suite": "Suite 45B",
    "city": "Lima",
    "zipcode": "11111-2222"
  },
  "id": 11
}

23:57:23.572 [pool-2-thread-3] INFO  com.intuit.karate - [print] request body:  {
  "name": "Alice Smith",
  "username": "alices",
  "email": "alice@mail.com",
  "address": {
    "street": "Maple Street",
    "suite": "Suite 45B",
    "city": "Lima",
    "zipcode": "11111-2222"
  }
}
 
23:57:23.574 [pool-2-thread-3] INFO  com.intuit.karate - [print] response:  {
  "name": "Alice Smith",
  "username": "alices",
  "email": "alice@mail.com",
  "address": {
    "street": "Maple Street",
    "suite": "Suite 45B",
    "city": "Lima",
    "zipcode": "11111-2222"
  },
  "id": 11
}
 
23:57:23.576 [pool-2-thread-3] INFO  com.intuit.karate - [print] created id is:  11 
23:57:24.101 [pool-2-thread-4] DEBUG com.intuit.karate - response time in milliseconds: 909
1 < 201
1 < Date: Fri, 22 Aug 2025 04:57:23 GMT
1 < Content-Type: application/json; charset=utf-8
1 < Content-Length: 217
1 < Connection: keep-alive
1 < Access-Control-Allow-Credentials: true
1 < Access-Control-Expose-Headers: Location
1 < Cache-Control: no-cache
1 < Etag: W/"d9-1wD4UVbBPhEjAvTufrTpPuPiqhc"
1 < Expires: -1
1 < Location: https://jsonplaceholder.typicode.com/users/11
1 < Nel: {"report_to":"heroku-nel","response_headers":["Via"],"max_age":3600,"success_fraction":0.01,"failure_fraction":0.1}
1 < Pragma: no-cache
1 < Report-To: {"group":"heroku-nel","endpoints":[{"url":"https://nel.heroku.com/reports?s=jdPTB1vb9mamSfPMnr9kvHU%2BSTQ9ZX0yzP6CSWHuTfk%3D\u0026sid=e11707d5-02a7-43ef-b45e-2cf4d2036f7d\u0026ts=1755838643"}],"max_age":3600}
1 < Reporting-Endpoints: heroku-nel="https://nel.heroku.com/reports?s=jdPTB1vb9mamSfPMnr9kvHU%2BSTQ9ZX0yzP6CSWHuTfk%3D&sid=e11707d5-02a7-43ef-b45e-2cf4d2036f7d&ts=1755838643"
1 < Server: cloudflare
1 < Vary: Origin, X-HTTP-Method-Override, Accept-Encoding
1 < Via: 2.0 heroku-router
1 < X-Content-Type-Options: nosniff
1 < X-Powered-By: Express
1 < X-Ratelimit-Limit: 1000
1 < X-Ratelimit-Remaining: 995
1 < X-Ratelimit-Reset: 1755838702
1 < Cf-Cache-Status: DYNAMIC
1 < Server-Timing: cfCacheStatus;desc="DYNAMIC"
1 < Server-Timing: cfEdge;dur=3,cfOrigin;dur=253
1 < CF-RAY: 972fca01a81a74e1-CDG
1 < alt-svc: h3=":443"; ma=86400
{
  "name": "David Kim",
  "username": "dkim2025",
  "email": "david.kim@test.io",
  "address": {
    "street": "Cedar Drive",
    "suite": "Floor 12",
    "city": "Lima",
    "zipcode": "44444-5555"
  },
  "id": 11
}

23:57:24.102 [pool-2-thread-1] DEBUG com.intuit.karate - response time in milliseconds: 746
2 < 200
2 < Date: Fri, 22 Aug 2025 04:57:23 GMT
2 < Content-Type: application/json; charset=utf-8
2 < Transfer-Encoding: chunked
2 < Connection: keep-alive
2 < Access-Control-Allow-Credentials: true
2 < Cache-Control: max-age=43200
2 < Etag: W/"1ff-2iureAUIawGXrTsK9ruBm43T5to"
2 < Expires: -1
2 < Nel: {"report_to":"heroku-nel","response_headers":["Via"],"max_age":3600,"success_fraction":0.01,"failure_fraction":0.1}
2 < Pragma: no-cache
2 < Report-To: {"group":"heroku-nel","endpoints":[{"url":"https://nel.heroku.com/reports?s=Jy97TKjx6D3MVKtk6MSz%2Fit%2BwWVax2gbj0IWHcuEvmA%3D\u0026sid=e11707d5-02a7-43ef-b45e-2cf4d2036f7d\u0026ts=1755353241"}],"max_age":3600}
2 < Reporting-Endpoints: heroku-nel="https://nel.heroku.com/reports?s=Jy97TKjx6D3MVKtk6MSz%2Fit%2BwWVax2gbj0IWHcuEvmA%3D&sid=e11707d5-02a7-43ef-b45e-2cf4d2036f7d&ts=1755353241"
2 < Server: cloudflare
2 < Vary: Origin, Accept-Encoding
2 < Via: 2.0 heroku-router
2 < X-Content-Type-Options: nosniff
2 < X-Powered-By: Express
2 < X-Ratelimit-Limit: 1000
2 < X-Ratelimit-Remaining: 999
2 < X-Ratelimit-Reset: 1755353261
2 < Age: 25678
2 < Cf-Cache-Status: HIT
2 < Server-Timing: cfCacheStatus;desc="HIT"
2 < Server-Timing: cfEdge;dur=6,cfOrigin;dur=0
2 < CF-RAY: 972fca031ee27a32-CDG
2 < alt-svc: h3=":443"; ma=86400
{
  "id": 10,
  "name": "Clementina DuBuque",
  "username": "Moriah.Stanton",
  "email": "Rey.Padberg@karina.biz",
  "address": {
    "street": "Kattie Turnpike",
    "suite": "Suite 198",
    "city": "Lebsackbury",
    "zipcode": "31428-2261",
    "geo": {
      "lat": "-38.2386",
      "lng": "57.2232"
    }
  },
  "phone": "024-648-3804",
  "website": "ambrose.net",
  "company": {
    "name": "Hoeger LLC",
    "catchPhrase": "Centralized empowering task-force",
    "bs": "target end-to-end models"
  }
}

23:57:24.103 [pool-2-thread-4] INFO  com.intuit.karate - [print] request body:  {
  "name": "David Kim",
  "username": "dkim2025",
  "email": "david.kim@test.io",
  "address": {
    "street": "Cedar Drive",
    "suite": "Floor 12",
    "city": "Lima",
    "zipcode": "44444-5555"
  }
}
 
23:57:24.104 [pool-2-thread-4] INFO  com.intuit.karate - [print] response:  {
  "name": "David Kim",
  "username": "dkim2025",
  "email": "david.kim@test.io",
  "address": {
    "street": "Cedar Drive",
    "suite": "Floor 12",
    "city": "Lima",
    "zipcode": "44444-5555"
  },
  "id": 11
}
 
23:57:24.105 [pool-2-thread-4] INFO  com.intuit.karate - [print] created id is:  11 
23:57:25.149 [pool-3-thread-1] INFO  com.intuit.karate.Suite - <<pass>> feature 1 of 1 (0 remaining) classpath:bdd/users/users.feature
00:03:31.030 [main] INFO  com.intuit.karate.Runner - using system property 'karate.options': --tags @regresion
00:03:31.316 [main] INFO  com.intuit.karate.Runner - using system property 'karate.env': dev
00:03:32.705 [main] DEBUG com.intuit.karate.Suite - [config] classpath:karate-config.js
00:03:32.735 [main] INFO  com.intuit.karate.Suite - backed up existing 'target\karate-reports' dir to: target\karate-reports_1755839012732
00:03:34.303 [pool-2-thread-1] INFO  com.intuit.karate - karate.env system property was: dev 
00:03:34.364 [pool-2-thread-4] INFO  com.intuit.karate - karate.env system property was: dev 
00:03:34.372 [pool-2-thread-3] INFO  com.intuit.karate - karate.env system property was: dev 
00:03:34.376 [pool-2-thread-2] INFO  com.intuit.karate - karate.env system property was: dev 
00:03:34.376 [pool-2-thread-5] INFO  com.intuit.karate - karate.env system property was: dev 
00:03:34.424 [pool-2-thread-3] ERROR com.intuit.karate - classpath:bdd/users/users.feature:5
* url UrlBase
js failed:
>>>>
01: UrlBase
<<<<
org.graalvm.polyglot.PolyglotException: ReferenceError: "UrlBase" is not defined
- <js>.:program(Unnamed:1)

classpath:bdd/users/users.feature:5
00:03:34.424 [pool-2-thread-5] ERROR com.intuit.karate - classpath:bdd/users/users.feature:5
* url UrlBase
js failed:
>>>>
01: UrlBase
<<<<
org.graalvm.polyglot.PolyglotException: ReferenceError: "UrlBase" is not defined
- <js>.:program(Unnamed:1)

classpath:bdd/users/users.feature:5
00:03:34.425 [pool-2-thread-4] ERROR com.intuit.karate - classpath:bdd/users/users.feature:5
* url UrlBase
js failed:
>>>>
01: UrlBase
<<<<
org.graalvm.polyglot.PolyglotException: ReferenceError: "UrlBase" is not defined
- <js>.:program(Unnamed:1)

classpath:bdd/users/users.feature:5
00:03:34.424 [pool-2-thread-1] ERROR com.intuit.karate - classpath:bdd/users/users.feature:5
* url UrlBase
js failed:
>>>>
01: UrlBase
<<<<
org.graalvm.polyglot.PolyglotException: ReferenceError: "UrlBase" is not defined
- <js>.:program(Unnamed:1)

classpath:bdd/users/users.feature:5
00:03:34.424 [pool-2-thread-2] ERROR com.intuit.karate - classpath:bdd/users/users.feature:5
* url UrlBase
js failed:
>>>>
01: UrlBase
<<<<
org.graalvm.polyglot.PolyglotException: ReferenceError: "UrlBase" is not defined
- <js>.:program(Unnamed:1)

classpath:bdd/users/users.feature:5
00:03:34.447 [pool-2-thread-1] INFO  com.intuit.karate - karate.env system property was: dev 
00:03:34.450 [pool-2-thread-1] ERROR com.intuit.karate - classpath:bdd/users/users.feature:5
* url UrlBase
js failed:
>>>>
01: UrlBase
<<<<
org.graalvm.polyglot.PolyglotException: ReferenceError: "UrlBase" is not defined
- <js>.:program(Unnamed:1)

classpath:bdd/users/users.feature:5
00:03:35.610 [pool-3-thread-1] INFO  com.intuit.karate.Suite - <<fail>> feature 1 of 1 (0 remaining) classpath:bdd/users/users.feature
00:03:52.447 [main] INFO  com.intuit.karate.Runner - using system property 'karate.options': --tags @regresion
00:03:52.602 [main] INFO  com.intuit.karate.Runner - using system property 'karate.env': dev
00:03:53.605 [main] DEBUG com.intuit.karate.Suite - [config] classpath:karate-config.js
00:03:53.630 [main] INFO  com.intuit.karate.Suite - backed up existing 'target\karate-reports' dir to: target\karate-reports_1755839033626
00:03:55.160 [pool-2-thread-1] INFO  com.intuit.karate - karate.env system property was: dev 
00:03:55.212 [pool-2-thread-2] INFO  com.intuit.karate - karate.env system property was: dev 
00:03:55.223 [pool-2-thread-3] INFO  com.intuit.karate - karate.env system property was: dev 
00:03:55.230 [pool-2-thread-4] INFO  com.intuit.karate - karate.env system property was: dev 
00:03:55.262 [pool-2-thread-5] INFO  com.intuit.karate - karate.env system property was: dev 
00:03:55.734 [pool-2-thread-1] DEBUG com.intuit.karate - request:
1 > GET https://jsonplaceholder.typicode.com/users
1 > Content-Type: application/json
1 > Host: jsonplaceholder.typicode.com
1 > Connection: Keep-Alive
1 > User-Agent: Apache-HttpClient/4.5.14 (Java/17.0.4)
1 > Accept-Encoding: gzip,deflate


00:03:55.734 [pool-2-thread-3] DEBUG com.intuit.karate - request:
1 > POST https://jsonplaceholder.typicode.com/users
1 > Content-Type: application/json; charset=UTF-8
1 > Content-Length: 160
1 > Host: jsonplaceholder.typicode.com
1 > Connection: Keep-Alive
1 > User-Agent: Apache-HttpClient/4.5.14 (Java/17.0.4)
1 > Accept-Encoding: gzip,deflate
{"name":"Alice Smith","username":"alices","email":"alice@mail.com","address":{"street":"Maple Street","suite":"Suite 45B","city":"Lima","zipcode":"11111-2222"}}

00:03:55.734 [pool-2-thread-2] DEBUG com.intuit.karate - request:
1 > POST https://jsonplaceholder.typicode.com/users
1 > Content-Type: application/json; charset=UTF-8
1 > Content-Length: 157
1 > Host: jsonplaceholder.typicode.com
1 > Connection: Keep-Alive
1 > User-Agent: Apache-HttpClient/4.5.14 (Java/17.0.4)
1 > Accept-Encoding: gzip,deflate
{"name":"Test User","username":"testuser","email":"test@user.com","address":{"street":"Has No Name","suite":"Apt. 123","city":"Lima","zipcode":"54321-6789"}}

00:03:55.734 [pool-2-thread-4] DEBUG com.intuit.karate - request:
1 > POST https://jsonplaceholder.typicode.com/users
1 > Content-Type: application/json; charset=UTF-8
1 > Content-Length: 152
1 > Host: jsonplaceholder.typicode.com
1 > Connection: Keep-Alive
1 > User-Agent: Apache-HttpClient/4.5.14 (Java/17.0.4)
1 > Accept-Encoding: gzip,deflate
{"name":"Bob Johnson","username":"bobj","email":"bob@work.net","address":{"street":"Oak Avenue","suite":"Apt. 7A","city":"Lima","zipcode":"22222-3333"}}

00:03:55.734 [pool-2-thread-5] DEBUG com.intuit.karate - request:
1 > POST https://jsonplaceholder.typicode.com/users
1 > Content-Type: application/json; charset=UTF-8
1 > Content-Length: 158
1 > Host: jsonplaceholder.typicode.com
1 > Connection: Keep-Alive
1 > User-Agent: Apache-HttpClient/4.5.14 (Java/17.0.4)
1 > Accept-Encoding: gzip,deflate
{"name":"Carla Lopez","username":"carlal","email":"carla@example.org","address":{"street":"Pine Road","suite":"Block 9","city":"Lima","zipcode":"33333-4444"}}

00:03:56.553 [pool-2-thread-2] DEBUG com.intuit.karate - response time in milliseconds: 814
1 < 201
1 < Date: Fri, 22 Aug 2025 05:03:56 GMT
1 < Content-Type: application/json; charset=utf-8
1 < Content-Length: 213
1 < Connection: keep-alive
1 < Access-Control-Allow-Credentials: true
1 < Access-Control-Expose-Headers: Location
1 < Cache-Control: no-cache
1 < Etag: W/"d5-lobPlkA2OG3FD/7HF6E+d2XgrU0"
1 < Expires: -1
1 < Location: https://jsonplaceholder.typicode.com/users/11
1 < Nel: {"report_to":"heroku-nel","response_headers":["Via"],"max_age":3600,"success_fraction":0.01,"failure_fraction":0.1}
1 < Pragma: no-cache
1 < Report-To: {"group":"heroku-nel","endpoints":[{"url":"https://nel.heroku.com/reports?s=PFXkKieKmwJscxG6%2FRG6ziNoWYJ5ui7lQfLA%2FCtA5Wg%3D\u0026sid=e11707d5-02a7-43ef-b45e-2cf4d2036f7d\u0026ts=1755839036"}],"max_age":3600}
1 < Reporting-Endpoints: heroku-nel="https://nel.heroku.com/reports?s=PFXkKieKmwJscxG6%2FRG6ziNoWYJ5ui7lQfLA%2FCtA5Wg%3D&sid=e11707d5-02a7-43ef-b45e-2cf4d2036f7d&ts=1755839036"
1 < Server: cloudflare
1 < Vary: Origin, X-HTTP-Method-Override, Accept-Encoding
1 < Via: 2.0 heroku-router
1 < X-Content-Type-Options: nosniff
1 < X-Powered-By: Express
1 < X-Ratelimit-Limit: 1000
1 < X-Ratelimit-Remaining: 999
1 < X-Ratelimit-Reset: 1755839062
1 < Cf-Cache-Status: DYNAMIC
1 < Server-Timing: cfCacheStatus;desc="DYNAMIC"
1 < Server-Timing: cfEdge;dur=4,cfOrigin;dur=6
1 < CF-RAY: 972fd3983fa91715-IAD
1 < alt-svc: h3=":443"; ma=86400
{
  "name": "Test User",
  "username": "testuser",
  "email": "test@user.com",
  "address": {
    "street": "Has No Name",
    "suite": "Apt. 123",
    "city": "Lima",
    "zipcode": "54321-6789"
  },
  "id": 11
}

00:03:56.553 [pool-2-thread-5] DEBUG com.intuit.karate - response time in milliseconds: 814
1 < 201
1 < Date: Fri, 22 Aug 2025 05:03:56 GMT
1 < Content-Type: application/json; charset=utf-8
1 < Content-Length: 214
1 < Connection: keep-alive
1 < Access-Control-Allow-Credentials: true
1 < Access-Control-Expose-Headers: Location
1 < Cache-Control: no-cache
1 < Etag: W/"d6-XEZ+S344nNCUUY5Hwx2a0BaWvsE"
1 < Expires: -1
1 < Location: https://jsonplaceholder.typicode.com/users/11
1 < Nel: {"report_to":"heroku-nel","response_headers":["Via"],"max_age":3600,"success_fraction":0.01,"failure_fraction":0.1}
1 < Pragma: no-cache
1 < Report-To: {"group":"heroku-nel","endpoints":[{"url":"https://nel.heroku.com/reports?s=PFXkKieKmwJscxG6%2FRG6ziNoWYJ5ui7lQfLA%2FCtA5Wg%3D\u0026sid=e11707d5-02a7-43ef-b45e-2cf4d2036f7d\u0026ts=1755839036"}],"max_age":3600}
1 < Reporting-Endpoints: heroku-nel="https://nel.heroku.com/reports?s=PFXkKieKmwJscxG6%2FRG6ziNoWYJ5ui7lQfLA%2FCtA5Wg%3D&sid=e11707d5-02a7-43ef-b45e-2cf4d2036f7d&ts=1755839036"
1 < Server: cloudflare
1 < Vary: Origin, X-HTTP-Method-Override, Accept-Encoding
1 < Via: 2.0 heroku-router
1 < X-Content-Type-Options: nosniff
1 < X-Powered-By: Express
1 < X-Ratelimit-Limit: 1000
1 < X-Ratelimit-Remaining: 998
1 < X-Ratelimit-Reset: 1755839062
1 < Cf-Cache-Status: DYNAMIC
1 < Server-Timing: cfCacheStatus;desc="DYNAMIC"
1 < Server-Timing: cfEdge;dur=9,cfOrigin;dur=16
1 < CF-RAY: 972fd39838c77411-IAD
1 < alt-svc: h3=":443"; ma=86400
{
  "name": "Carla Lopez",
  "username": "carlal",
  "email": "carla@example.org",
  "address": {
    "street": "Pine Road",
    "suite": "Block 9",
    "city": "Lima",
    "zipcode": "33333-4444"
  },
  "id": 11
}

00:03:56.561 [pool-2-thread-2] INFO  com.intuit.karate - [print] request body:  {
  "name": "Test User",
  "username": "testuser",
  "email": "test@user.com",
  "address": {
    "street": "Has No Name",
    "suite": "Apt. 123",
    "city": "Lima",
    "zipcode": "54321-6789"
  }
}
 
00:03:56.562 [pool-2-thread-5] INFO  com.intuit.karate - [print] request body:  {
  "name": "Carla Lopez",
  "username": "carlal",
  "email": "carla@example.org",
  "address": {
    "street": "Pine Road",
    "suite": "Block 9",
    "city": "Lima",
    "zipcode": "33333-4444"
  }
}
 
00:03:56.567 [pool-2-thread-5] INFO  com.intuit.karate - [print] response:  {
  "name": "Carla Lopez",
  "username": "carlal",
  "email": "carla@example.org",
  "address": {
    "street": "Pine Road",
    "suite": "Block 9",
    "city": "Lima",
    "zipcode": "33333-4444"
  },
  "id": 11
}
 
00:03:56.567 [pool-2-thread-2] INFO  com.intuit.karate - [print] response:  {
  "name": "Test User",
  "username": "testuser",
  "email": "test@user.com",
  "address": {
    "street": "Has No Name",
    "suite": "Apt. 123",
    "city": "Lima",
    "zipcode": "54321-6789"
  },
  "id": 11
}
 
00:03:56.572 [pool-2-thread-2] INFO  com.intuit.karate - [print] created id is:  11 
00:03:56.572 [pool-2-thread-5] INFO  com.intuit.karate - [print] created id is:  11 
00:03:56.592 [pool-2-thread-5] INFO  com.intuit.karate - karate.env system property was: dev 
00:03:56.602 [pool-2-thread-5] DEBUG com.intuit.karate - request:
1 > POST https://jsonplaceholder.typicode.com/users
1 > Content-Type: application/json; charset=UTF-8
1 > Content-Length: 161
1 > Host: jsonplaceholder.typicode.com
1 > Connection: Keep-Alive
1 > User-Agent: Apache-HttpClient/4.5.14 (Java/17.0.4)
1 > Accept-Encoding: gzip,deflate
{"name":"David Kim","username":"dkim2025","email":"david.kim@test.io","address":{"street":"Cedar Drive","suite":"Floor 12","city":"Lima","zipcode":"44444-5555"}}

00:03:56.659 [pool-2-thread-3] DEBUG com.intuit.karate - response time in milliseconds: 923
1 < 201
1 < Date: Fri, 22 Aug 2025 05:03:56 GMT
1 < Content-Type: application/json; charset=utf-8
1 < Content-Length: 216
1 < Connection: keep-alive
1 < Access-Control-Allow-Credentials: true
1 < Access-Control-Expose-Headers: Location
1 < Cache-Control: no-cache
1 < Etag: W/"d8-++GD30o/Hin3zroIPbg9/sHhHXg"
1 < Expires: -1
1 < Location: https://jsonplaceholder.typicode.com/users/11
1 < Nel: {"report_to":"heroku-nel","response_headers":["Via"],"max_age":3600,"success_fraction":0.01,"failure_fraction":0.1}
1 < Pragma: no-cache
1 < Report-To: {"group":"heroku-nel","endpoints":[{"url":"https://nel.heroku.com/reports?s=PFXkKieKmwJscxG6%2FRG6ziNoWYJ5ui7lQfLA%2FCtA5Wg%3D\u0026sid=e11707d5-02a7-43ef-b45e-2cf4d2036f7d\u0026ts=1755839036"}],"max_age":3600}
1 < Reporting-Endpoints: heroku-nel="https://nel.heroku.com/reports?s=PFXkKieKmwJscxG6%2FRG6ziNoWYJ5ui7lQfLA%2FCtA5Wg%3D&sid=e11707d5-02a7-43ef-b45e-2cf4d2036f7d&ts=1755839036"
1 < Server: cloudflare
1 < Vary: Origin, X-HTTP-Method-Override, Accept-Encoding
1 < Via: 2.0 heroku-router
1 < X-Content-Type-Options: nosniff
1 < X-Powered-By: Express
1 < X-Ratelimit-Limit: 1000
1 < X-Ratelimit-Remaining: 997
1 < X-Ratelimit-Reset: 1755839062
1 < Cf-Cache-Status: DYNAMIC
1 < Server-Timing: cfCacheStatus;desc="DYNAMIC"
1 < Server-Timing: cfEdge;dur=2,cfOrigin;dur=16
1 < CF-RAY: 972fd3986bc328c0-IAD
1 < alt-svc: h3=":443"; ma=86400
{
  "name": "Alice Smith",
  "username": "alices",
  "email": "alice@mail.com",
  "address": {
    "street": "Maple Street",
    "suite": "Suite 45B",
    "city": "Lima",
    "zipcode": "11111-2222"
  },
  "id": 11
}

00:03:56.663 [pool-2-thread-3] INFO  com.intuit.karate - [print] request body:  {
  "name": "Alice Smith",
  "username": "alices",
  "email": "alice@mail.com",
  "address": {
    "street": "Maple Street",
    "suite": "Suite 45B",
    "city": "Lima",
    "zipcode": "11111-2222"
  }
}
 
00:03:56.667 [pool-2-thread-3] INFO  com.intuit.karate - [print] response:  {
  "name": "Alice Smith",
  "username": "alices",
  "email": "alice@mail.com",
  "address": {
    "street": "Maple Street",
    "suite": "Suite 45B",
    "city": "Lima",
    "zipcode": "11111-2222"
  },
  "id": 11
}
 
00:03:56.670 [pool-2-thread-3] INFO  com.intuit.karate - [print] created id is:  11 
00:03:56.818 [pool-2-thread-4] DEBUG com.intuit.karate - response time in milliseconds: 1083
1 < 201
1 < Date: Fri, 22 Aug 2025 05:03:56 GMT
1 < Content-Type: application/json; charset=utf-8
1 < Content-Length: 208
1 < Connection: keep-alive
1 < Access-Control-Allow-Credentials: true
1 < Access-Control-Expose-Headers: Location
1 < Cache-Control: no-cache
1 < Etag: W/"d0-q0jOsLfytlvVlcU6mAJCpHX0Pd4"
1 < Expires: -1
1 < Location: https://jsonplaceholder.typicode.com/users/11
1 < Nel: {"report_to":"heroku-nel","response_headers":["Via"],"max_age":3600,"success_fraction":0.01,"failure_fraction":0.1}
1 < Pragma: no-cache
1 < Report-To: {"group":"heroku-nel","endpoints":[{"url":"https://nel.heroku.com/reports?s=PFXkKieKmwJscxG6%2FRG6ziNoWYJ5ui7lQfLA%2FCtA5Wg%3D\u0026sid=e11707d5-02a7-43ef-b45e-2cf4d2036f7d\u0026ts=1755839036"}],"max_age":3600}
1 < Reporting-Endpoints: heroku-nel="https://nel.heroku.com/reports?s=PFXkKieKmwJscxG6%2FRG6ziNoWYJ5ui7lQfLA%2FCtA5Wg%3D&sid=e11707d5-02a7-43ef-b45e-2cf4d2036f7d&ts=1755839036"
1 < Server: cloudflare
1 < Vary: Origin, X-HTTP-Method-Override, Accept-Encoding
1 < Via: 2.0 heroku-router
1 < X-Content-Type-Options: nosniff
1 < X-Powered-By: Express
1 < X-Ratelimit-Limit: 1000
1 < X-Ratelimit-Remaining: 996
1 < X-Ratelimit-Reset: 1755839062
1 < Cf-Cache-Status: DYNAMIC
1 < Server-Timing: cfCacheStatus;desc="DYNAMIC"
1 < Server-Timing: cfEdge;dur=2,cfOrigin;dur=5
1 < CF-RAY: 972fd39878a5c814-IAD
1 < alt-svc: h3=":443"; ma=86400
{
  "name": "Bob Johnson",
  "username": "bobj",
  "email": "bob@work.net",
  "address": {
    "street": "Oak Avenue",
    "suite": "Apt. 7A",
    "city": "Lima",
    "zipcode": "22222-3333"
  },
  "id": 11
}

00:03:56.822 [pool-2-thread-4] INFO  com.intuit.karate - [print] request body:  {
  "name": "Bob Johnson",
  "username": "bobj",
  "email": "bob@work.net",
  "address": {
    "street": "Oak Avenue",
    "suite": "Apt. 7A",
    "city": "Lima",
    "zipcode": "22222-3333"
  }
}
 
00:03:56.824 [pool-2-thread-4] INFO  com.intuit.karate - [print] response:  {
  "name": "Bob Johnson",
  "username": "bobj",
  "email": "bob@work.net",
  "address": {
    "street": "Oak Avenue",
    "suite": "Apt. 7A",
    "city": "Lima",
    "zipcode": "22222-3333"
  },
  "id": 11
}
 
00:03:56.828 [pool-2-thread-4] INFO  com.intuit.karate - [print] created id is:  11 
00:03:56.868 [pool-2-thread-1] DEBUG com.intuit.karate - response time in milliseconds: 935
1 < 200
1 < Date: Fri, 22 Aug 2025 05:03:56 GMT
1 < Content-Type: application/json; charset=utf-8
1 < Connection: keep-alive
1 < Access-Control-Allow-Credentials: true
1 < Cache-Control: max-age=43200
1 < Etag: W/"160d-1eMSsxeJRfnVLRBmYJSbCiJZ1qQ"
1 < Expires: -1
1 < Nel: {"report_to":"heroku-nel","response_headers":["Via"],"max_age":3600,"success_fraction":0.01,"failure_fraction":0.1}
1 < Pragma: no-cache
1 < Report-To: {"group":"heroku-nel","endpoints":[{"url":"https://nel.heroku.com/reports?s=UkPHP81aXhRvw4sV9bN4tYOXdQoQUBdBXY1bG8IRrjs%3D\u0026sid=e11707d5-02a7-43ef-b45e-2cf4d2036f7d\u0026ts=1752909420"}],"max_age":3600}
1 < Reporting-Endpoints: heroku-nel="https://nel.heroku.com/reports?s=UkPHP81aXhRvw4sV9bN4tYOXdQoQUBdBXY1bG8IRrjs%3D&sid=e11707d5-02a7-43ef-b45e-2cf4d2036f7d&ts=1752909420"
1 < Server: cloudflare
1 < Vary: Origin, Accept-Encoding
1 < Via: 2.0 heroku-router
1 < X-Content-Type-Options: nosniff
1 < X-Powered-By: Express
1 < X-Ratelimit-Limit: 1000
1 < X-Ratelimit-Remaining: 998
1 < X-Ratelimit-Reset: 1752909434
1 < Age: 12415
1 < Cf-Cache-Status: HIT
1 < Server-Timing: cfCacheStatus;desc="HIT"
1 < Server-Timing: cfEdge;dur=4,cfOrigin;dur=0
1 < CF-RAY: 972fd3987dce2f5a-CDG
1 < alt-svc: h3=":443"; ma=86400
[
  {
    "id": 1,
    "name": "Leanne Graham",
    "username": "Bret",
    "email": "Sincere@april.biz",
    "address": {
      "street": "Kulas Light",
      "suite": "Apt. 556",
      "city": "Gwenborough",
      "zipcode": "92998-3874",
      "geo": {
        "lat": "-37.3159",
        "lng": "81.1496"
      }
    },
    "phone": "1-770-736-8031 x56442",
    "website": "hildegard.org",
    "company": {
      "name": "Romaguera-Crona",
      "catchPhrase": "Multi-layered client-server neural-net",
      "bs": "harness real-time e-markets"
    }
  },
  {
    "id": 2,
    "name": "Ervin Howell",
    "username": "Antonette",
    "email": "Shanna@melissa.tv",
    "address": {
      "street": "Victor Plains",
      "suite": "Suite 879",
      "city": "Wisokyburgh",
      "zipcode": "90566-7771",
      "geo": {
        "lat": "-43.9509",
        "lng": "-34.4618"
      }
    },
    "phone": "010-692-6593 x09125",
    "website": "anastasia.net",
    "company": {
      "name": "Deckow-Crist",
      "catchPhrase": "Proactive didactic contingency",
      "bs": "synergize scalable supply-chains"
    }
  },
  {
    "id": 3,
    "name": "Clementine Bauch",
    "username": "Samantha",
    "email": "Nathan@yesenia.net",
    "address": {
      "street": "Douglas Extension",
      "suite": "Suite 847",
      "city": "McKenziehaven",
      "zipcode": "59590-4157",
      "geo": {
        "lat": "-68.6102",
        "lng": "-47.0653"
      }
    },
    "phone": "1-463-123-4447",
    "website": "ramiro.info",
    "company": {
      "name": "Romaguera-Jacobson",
      "catchPhrase": "Face to face bifurcated interface",
      "bs": "e-enable strategic applications"
    }
  },
  {
    "id": 4,
    "name": "Patricia Lebsack",
    "username": "Karianne",
    "email": "Julianne.OConner@kory.org",
    "address": {
      "street": "Hoeger Mall",
      "suite": "Apt. 692",
      "city": "South Elvis",
      "zipcode": "53919-4257",
      "geo": {
        "lat": "29.4572",
        "lng": "-164.2990"
      }
    },
    "phone": "493-170-9623 x156",
    "website": "kale.biz",
    "company": {
      "name": "Robel-Corkery",
      "catchPhrase": "Multi-tiered zero tolerance productivity",
      "bs": "transition cutting-edge web services"
    }
  },
  {
    "id": 5,
    "name": "Chelsey Dietrich",
    "username": "Kamren",
    "email": "Lucio_Hettinger@annie.ca",
    "address": {
      "street": "Skiles Walks",
      "suite": "Suite 351",
      "city": "Roscoeview",
      "zipcode": "33263",
      "geo": {
        "lat": "-31.8129",
        "lng": "62.5342"
      }
    },
    "phone": "(254)954-1289",
    "website": "demarco.info",
    "company": {
      "name": "Keebler LLC",
      "catchPhrase": "User-centric fault-tolerant solution",
      "bs": "revolutionize end-to-end systems"
    }
  },
  {
    "id": 6,
    "name": "Mrs. Dennis Schulist",
    "username": "Leopoldo_Corkery",
    "email": "Karley_Dach@jasper.info",
    "address": {
      "street": "Norberto Crossing",
      "suite": "Apt. 950",
      "city": "South Christy",
      "zipcode": "23505-1337",
      "geo": {
        "lat": "-71.4197",
        "lng": "71.7478"
      }
    },
    "phone": "1-477-935-8478 x6430",
    "website": "ola.org",
    "company": {
      "name": "Considine-Lockman",
      "catchPhrase": "Synchronised bottom-line interface",
      "bs": "e-enable innovative applications"
    }
  },
  {
    "id": 7,
    "name": "Kurtis Weissnat",
    "username": "Elwyn.Skiles",
    "email": "Telly.Hoeger@billy.biz",
    "address": {
      "street": "Rex Trail",
      "suite": "Suite 280",
      "city": "Howemouth",
      "zipcode": "58804-1099",
      "geo": {
        "lat": "24.8918",
        "lng": "21.8984"
      }
    },
    "phone": "210.067.6132",
    "website": "elvis.io",
    "company": {
      "name": "Johns Group",
      "catchPhrase": "Configurable multimedia task-force",
      "bs": "generate enterprise e-tailers"
    }
  },
  {
    "id": 8,
    "name": "Nicholas Runolfsdottir V",
    "username": "Maxime_Nienow",
    "email": "Sherwood@rosamond.me",
    "address": {
      "street": "Ellsworth Summit",
      "suite": "Suite 729",
      "city": "Aliyaview",
      "zipcode": "45169",
      "geo": {
        "lat": "-14.3990",
        "lng": "-120.7677"
      }
    },
    "phone": "586.493.6943 x140",
    "website": "jacynthe.com",
    "company": {
      "name": "Abernathy Group",
      "catchPhrase": "Implemented secondary concept",
      "bs": "e-enable extensible e-tailers"
    }
  },
  {
    "id": 9,
    "name": "Glenna Reichert",
    "username": "Delphine",
    "email": "Chaim_McDermott@dana.io",
    "address": {
      "street": "Dayna Park",
      "suite": "Suite 449",
      "city": "Bartholomebury",
      "zipcode": "76495-3109",
      "geo": {
        "lat": "24.6463",
        "lng": "-168.8889"
      }
    },
    "phone": "(775)976-6794 x41206",
    "website": "conrad.com",
    "company": {
      "name": "Yost and Sons",
      "catchPhrase": "Switchable contextually-based project",
      "bs": "aggregate real-time technologies"
    }
  },
  {
    "id": 10,
    "name": "Clementina DuBuque",
    "username": "Moriah.Stanton",
    "email": "Rey.Padberg@karina.biz",
    "address": {
      "street": "Kattie Turnpike",
      "suite": "Suite 198",
      "city": "Lebsackbury",
      "zipcode": "31428-2261",
      "geo": {
        "lat": "-38.2386",
        "lng": "57.2232"
      }
    },
    "phone": "024-648-3804",
    "website": "ambrose.net",
    "company": {
      "name": "Hoeger LLC",
      "catchPhrase": "Centralized empowering task-force",
      "bs": "target end-to-end models"
    }
  }
]

00:03:56.895 [pool-2-thread-1] DEBUG com.intuit.karate - request:
2 > GET https://jsonplaceholder.typicode.com/users/4
2 > Host: jsonplaceholder.typicode.com
2 > Connection: Keep-Alive
2 > User-Agent: Apache-HttpClient/4.5.14 (Java/17.0.4)
2 > Accept-Encoding: gzip,deflate


00:03:57.367 [pool-2-thread-1] DEBUG com.intuit.karate - response time in milliseconds: 470
2 < 200
2 < Date: Fri, 22 Aug 2025 05:03:57 GMT
2 < Content-Type: application/json; charset=utf-8
2 < Transfer-Encoding: chunked
2 < Connection: keep-alive
2 < Access-Control-Allow-Credentials: true
2 < Cache-Control: max-age=43200
2 < Etag: W/"20d-8RgvpSlsXJuYWj1NkFA2Hm1U5TI"
2 < Expires: -1
2 < Nel: {"report_to":"heroku-nel","response_headers":["Via"],"max_age":3600,"success_fraction":0.01,"failure_fraction":0.1}
2 < Pragma: no-cache
2 < Report-To: {"group":"heroku-nel","endpoints":[{"url":"https://nel.heroku.com/reports?s=BWR3soomqcWQb1hX3rNVW5%2FBa%2FV7uE%2BS%2FhQOInxvadA%3D\u0026sid=e11707d5-02a7-43ef-b45e-2cf4d2036f7d\u0026ts=1755324645"}],"max_age":3600}
2 < Reporting-Endpoints: heroku-nel="https://nel.heroku.com/reports?s=BWR3soomqcWQb1hX3rNVW5%2FBa%2FV7uE%2BS%2FhQOInxvadA%3D&sid=e11707d5-02a7-43ef-b45e-2cf4d2036f7d&ts=1755324645"
2 < Server: cloudflare
2 < Vary: Origin, Accept-Encoding
2 < Via: 2.0 heroku-router
2 < X-Content-Type-Options: nosniff
2 < X-Powered-By: Express
2 < X-Ratelimit-Limit: 1000
2 < X-Ratelimit-Remaining: 999
2 < X-Ratelimit-Reset: 1755324703
2 < Age: 2910
2 < Cf-Cache-Status: HIT
2 < Server-Timing: cfCacheStatus;desc="HIT"
2 < Server-Timing: cfEdge;dur=9,cfOrigin;dur=0
2 < CF-RAY: 972fd39d6f073450-IAD
2 < alt-svc: h3=":443"; ma=86400
{
  "id": 4,
  "name": "Patricia Lebsack",
  "username": "Karianne",
  "email": "Julianne.OConner@kory.org",
  "address": {
    "street": "Hoeger Mall",
    "suite": "Apt. 692",
    "city": "South Elvis",
    "zipcode": "53919-4257",
    "geo": {
      "lat": "29.4572",
      "lng": "-164.2990"
    }
  },
  "phone": "493-170-9623 x156",
  "website": "kale.biz",
  "company": {
    "name": "Robel-Corkery",
    "catchPhrase": "Multi-tiered zero tolerance productivity",
    "bs": "transition cutting-edge web services"
  }
}

00:03:57.379 [pool-2-thread-5] DEBUG com.intuit.karate - response time in milliseconds: 777
1 < 201
1 < Date: Fri, 22 Aug 2025 05:03:56 GMT
1 < Content-Type: application/json; charset=utf-8
1 < Content-Length: 217
1 < Connection: keep-alive
1 < Access-Control-Allow-Credentials: true
1 < Access-Control-Expose-Headers: Location
1 < Cache-Control: no-cache
1 < Etag: W/"d9-1wD4UVbBPhEjAvTufrTpPuPiqhc"
1 < Expires: -1
1 < Location: https://jsonplaceholder.typicode.com/users/11
1 < Nel: {"report_to":"heroku-nel","response_headers":["Via"],"max_age":3600,"success_fraction":0.01,"failure_fraction":0.1}
1 < Pragma: no-cache
1 < Report-To: {"group":"heroku-nel","endpoints":[{"url":"https://nel.heroku.com/reports?s=PFXkKieKmwJscxG6%2FRG6ziNoWYJ5ui7lQfLA%2FCtA5Wg%3D\u0026sid=e11707d5-02a7-43ef-b45e-2cf4d2036f7d\u0026ts=1755839036"}],"max_age":3600}
1 < Reporting-Endpoints: heroku-nel="https://nel.heroku.com/reports?s=PFXkKieKmwJscxG6%2FRG6ziNoWYJ5ui7lQfLA%2FCtA5Wg%3D&sid=e11707d5-02a7-43ef-b45e-2cf4d2036f7d&ts=1755839036"
1 < Server: cloudflare
1 < Vary: Origin, X-HTTP-Method-Override, Accept-Encoding
1 < Via: 2.0 heroku-router
1 < X-Content-Type-Options: nosniff
1 < X-Powered-By: Express
1 < X-Ratelimit-Limit: 1000
1 < X-Ratelimit-Remaining: 995
1 < X-Ratelimit-Reset: 1755839062
1 < Cf-Cache-Status: DYNAMIC
1 < Server-Timing: cfCacheStatus;desc="DYNAMIC"
1 < Server-Timing: cfEdge;dur=3,cfOrigin;dur=15
1 < CF-RAY: 972fd39bb8298e53-IAD
1 < alt-svc: h3=":443"; ma=86400
{
  "name": "David Kim",
  "username": "dkim2025",
  "email": "david.kim@test.io",
  "address": {
    "street": "Cedar Drive",
    "suite": "Floor 12",
    "city": "Lima",
    "zipcode": "44444-5555"
  },
  "id": 11
}

00:03:57.382 [pool-2-thread-5] INFO  com.intuit.karate - [print] request body:  {
  "name": "David Kim",
  "username": "dkim2025",
  "email": "david.kim@test.io",
  "address": {
    "street": "Cedar Drive",
    "suite": "Floor 12",
    "city": "Lima",
    "zipcode": "44444-5555"
  }
}
 
00:03:57.383 [pool-2-thread-5] INFO  com.intuit.karate - [print] response:  {
  "name": "David Kim",
  "username": "dkim2025",
  "email": "david.kim@test.io",
  "address": {
    "street": "Cedar Drive",
    "suite": "Floor 12",
    "city": "Lima",
    "zipcode": "44444-5555"
  },
  "id": 11
}
 
00:03:57.385 [pool-2-thread-5] INFO  com.intuit.karate - [print] created id is:  11 
00:03:58.416 [pool-3-thread-1] INFO  com.intuit.karate.Suite - <<pass>> feature 1 of 1 (0 remaining) classpath:bdd/users/users.feature
00:04:25.289 [main] INFO  com.intuit.karate.Runner - using system property 'karate.options': --tags @regresion
00:04:25.468 [main] INFO  com.intuit.karate.Runner - using system property 'karate.env': cert
00:04:26.476 [main] DEBUG com.intuit.karate.Suite - [config] classpath:karate-config.js
00:04:26.487 [main] INFO  com.intuit.karate.Suite - backed up existing 'target\karate-reports' dir to: target\karate-reports_1755839066483
00:04:28.029 [pool-2-thread-1] INFO  com.intuit.karate - karate.env system property was: cert 
00:04:28.082 [pool-2-thread-2] INFO  com.intuit.karate - karate.env system property was: cert 
00:04:28.085 [pool-2-thread-5] INFO  com.intuit.karate - karate.env system property was: cert 
00:04:28.102 [pool-2-thread-4] INFO  com.intuit.karate - karate.env system property was: cert 
00:04:28.108 [pool-2-thread-3] INFO  com.intuit.karate - karate.env system property was: cert 
00:04:28.561 [pool-2-thread-1] DEBUG com.intuit.karate - request:
1 > GET https://jsonplaceholder.typicode/users
1 > Content-Type: application/json
1 > Host: jsonplaceholder.typicode
1 > Connection: Keep-Alive
1 > User-Agent: Apache-HttpClient/4.5.14 (Java/17.0.4)
1 > Accept-Encoding: gzip,deflate


00:04:28.561 [pool-2-thread-3] DEBUG com.intuit.karate - request:
1 > POST https://jsonplaceholder.typicode.com/users
1 > Content-Type: application/json; charset=UTF-8
1 > Content-Length: 160
1 > Host: jsonplaceholder.typicode.com
1 > Connection: Keep-Alive
1 > User-Agent: Apache-HttpClient/4.5.14 (Java/17.0.4)
1 > Accept-Encoding: gzip,deflate
{"name":"Alice Smith","username":"alices","email":"alice@mail.com","address":{"street":"Maple Street","suite":"Suite 45B","city":"Lima","zipcode":"11111-2222"}}

00:04:28.561 [pool-2-thread-4] DEBUG com.intuit.karate - request:
1 > POST https://jsonplaceholder.typicode.com/users
1 > Content-Type: application/json; charset=UTF-8
1 > Content-Length: 152
1 > Host: jsonplaceholder.typicode.com
1 > Connection: Keep-Alive
1 > User-Agent: Apache-HttpClient/4.5.14 (Java/17.0.4)
1 > Accept-Encoding: gzip,deflate
{"name":"Bob Johnson","username":"bobj","email":"bob@work.net","address":{"street":"Oak Avenue","suite":"Apt. 7A","city":"Lima","zipcode":"22222-3333"}}

00:04:28.561 [pool-2-thread-2] DEBUG com.intuit.karate - request:
1 > POST https://jsonplaceholder.typicode.com/users
1 > Content-Type: application/json; charset=UTF-8
1 > Content-Length: 157
1 > Host: jsonplaceholder.typicode.com
1 > Connection: Keep-Alive
1 > User-Agent: Apache-HttpClient/4.5.14 (Java/17.0.4)
1 > Accept-Encoding: gzip,deflate
{"name":"Test User","username":"testuser","email":"test@user.com","address":{"street":"Has No Name","suite":"Apt. 123","city":"Lima","zipcode":"54321-6789"}}

00:04:28.561 [pool-2-thread-5] DEBUG com.intuit.karate - request:
1 > POST https://jsonplaceholder.typicode.com/users
1 > Content-Type: application/json; charset=UTF-8
1 > Content-Length: 158
1 > Host: jsonplaceholder.typicode.com
1 > Connection: Keep-Alive
1 > User-Agent: Apache-HttpClient/4.5.14 (Java/17.0.4)
1 > Accept-Encoding: gzip,deflate
{"name":"Carla Lopez","username":"carlal","email":"carla@example.org","address":{"street":"Pine Road","suite":"Block 9","city":"Lima","zipcode":"33333-4444"}}

00:04:28.592 [pool-2-thread-1] ERROR com.intuit.karate - java.net.UnknownHostException: Host desconocido (jsonplaceholder.typicode), http call failed after 416 milliseconds for url: https://jsonplaceholder.typicode/users
00:04:28.596 [pool-2-thread-1] ERROR com.intuit.karate - classpath:bdd/users/users.feature:12
When method get
http call failed after 416 milliseconds for url: https://jsonplaceholder.typicode/users
java.net.UnknownHostException: Host desconocido (jsonplaceholder.typicode)
classpath:bdd/users/users.feature:12
00:04:28.610 [pool-2-thread-1] INFO  com.intuit.karate - karate.env system property was: cert 
00:04:28.628 [pool-2-thread-1] DEBUG com.intuit.karate - request:
1 > POST https://jsonplaceholder.typicode.com/users
1 > Content-Type: application/json; charset=UTF-8
1 > Content-Length: 161
1 > Host: jsonplaceholder.typicode.com
1 > Connection: Keep-Alive
1 > User-Agent: Apache-HttpClient/4.5.14 (Java/17.0.4)
1 > Accept-Encoding: gzip,deflate
{"name":"David Kim","username":"dkim2025","email":"david.kim@test.io","address":{"street":"Cedar Drive","suite":"Floor 12","city":"Lima","zipcode":"44444-5555"}}

00:04:29.360 [pool-2-thread-1] DEBUG com.intuit.karate - response time in milliseconds: 729
1 < 201
1 < Date: Fri, 22 Aug 2025 05:04:29 GMT
1 < Content-Type: application/json; charset=utf-8
1 < Content-Length: 217
1 < Connection: keep-alive
1 < Access-Control-Allow-Credentials: true
1 < Access-Control-Expose-Headers: Location
1 < Cache-Control: no-cache
1 < Etag: W/"d9-1wD4UVbBPhEjAvTufrTpPuPiqhc"
1 < Expires: -1
1 < Location: https://jsonplaceholder.typicode.com/users/11
1 < Nel: {"report_to":"heroku-nel","response_headers":["Via"],"max_age":3600,"success_fraction":0.01,"failure_fraction":0.1}
1 < Pragma: no-cache
1 < Report-To: {"group":"heroku-nel","endpoints":[{"url":"https://nel.heroku.com/reports?s=NKo%2Fo%2FdT%2BhW9C9ZXUy%2Bs3170b%2Fwbs5kyFSWen7rL0%2BU%3D\u0026sid=e11707d5-02a7-43ef-b45e-2cf4d2036f7d\u0026ts=1755839069"}],"max_age":3600}
1 < Reporting-Endpoints: heroku-nel="https://nel.heroku.com/reports?s=NKo%2Fo%2FdT%2BhW9C9ZXUy%2Bs3170b%2Fwbs5kyFSWen7rL0%2BU%3D&sid=e11707d5-02a7-43ef-b45e-2cf4d2036f7d&ts=1755839069"
1 < Server: cloudflare
1 < Vary: Origin, X-HTTP-Method-Override, Accept-Encoding
1 < Via: 2.0 heroku-router
1 < X-Content-Type-Options: nosniff
1 < X-Powered-By: Express
1 < X-Ratelimit-Limit: 1000
1 < X-Ratelimit-Remaining: 999
1 < X-Ratelimit-Reset: 1755839122
1 < Cf-Cache-Status: DYNAMIC
1 < Server-Timing: cfCacheStatus;desc="DYNAMIC"
1 < Server-Timing: cfEdge;dur=5,cfOrigin;dur=4
1 < CF-RAY: 972fd4656b41787b-IAD
1 < alt-svc: h3=":443"; ma=86400
{
  "name": "David Kim",
  "username": "dkim2025",
  "email": "david.kim@test.io",
  "address": {
    "street": "Cedar Drive",
    "suite": "Floor 12",
    "city": "Lima",
    "zipcode": "44444-5555"
  },
  "id": 11
}

00:04:29.367 [pool-2-thread-1] INFO  com.intuit.karate - [print] request body:  {
  "name": "David Kim",
  "username": "dkim2025",
  "email": "david.kim@test.io",
  "address": {
    "street": "Cedar Drive",
    "suite": "Floor 12",
    "city": "Lima",
    "zipcode": "44444-5555"
  }
}
 
00:04:29.374 [pool-2-thread-1] INFO  com.intuit.karate - [print] response:  {
  "name": "David Kim",
  "username": "dkim2025",
  "email": "david.kim@test.io",
  "address": {
    "street": "Cedar Drive",
    "suite": "Floor 12",
    "city": "Lima",
    "zipcode": "44444-5555"
  },
  "id": 11
}
 
00:04:29.377 [pool-2-thread-4] DEBUG com.intuit.karate - response time in milliseconds: 813
1 < 201
1 < Date: Fri, 22 Aug 2025 05:04:29 GMT
1 < Content-Type: application/json; charset=utf-8
1 < Content-Length: 208
1 < Connection: keep-alive
1 < Access-Control-Allow-Credentials: true
1 < Access-Control-Expose-Headers: Location
1 < Cache-Control: no-cache
1 < Etag: W/"d0-q0jOsLfytlvVlcU6mAJCpHX0Pd4"
1 < Expires: -1
1 < Location: https://jsonplaceholder.typicode.com/users/11
1 < Nel: {"report_to":"heroku-nel","response_headers":["Via"],"max_age":3600,"success_fraction":0.01,"failure_fraction":0.1}
1 < Pragma: no-cache
1 < Report-To: {"group":"heroku-nel","endpoints":[{"url":"https://nel.heroku.com/reports?s=NKo%2Fo%2FdT%2BhW9C9ZXUy%2Bs3170b%2Fwbs5kyFSWen7rL0%2BU%3D\u0026sid=e11707d5-02a7-43ef-b45e-2cf4d2036f7d\u0026ts=1755839069"}],"max_age":3600}
1 < Reporting-Endpoints: heroku-nel="https://nel.heroku.com/reports?s=NKo%2Fo%2FdT%2BhW9C9ZXUy%2Bs3170b%2Fwbs5kyFSWen7rL0%2BU%3D&sid=e11707d5-02a7-43ef-b45e-2cf4d2036f7d&ts=1755839069"
1 < Server: cloudflare
1 < Vary: Origin, X-HTTP-Method-Override, Accept-Encoding
1 < Via: 2.0 heroku-router
1 < X-Content-Type-Options: nosniff
1 < X-Powered-By: Express
1 < X-Ratelimit-Limit: 1000
1 < X-Ratelimit-Remaining: 998
1 < X-Ratelimit-Reset: 1755839122
1 < Cf-Cache-Status: DYNAMIC
1 < Server-Timing: cfCacheStatus;desc="DYNAMIC"
1 < Server-Timing: cfEdge;dur=2,cfOrigin;dur=15
1 < CF-RAY: 972fd4656f1f55eb-IAD
1 < alt-svc: h3=":443"; ma=86400
{
  "name": "Bob Johnson",
  "username": "bobj",
  "email": "bob@work.net",
  "address": {
    "street": "Oak Avenue",
    "suite": "Apt. 7A",
    "city": "Lima",
    "zipcode": "22222-3333"
  },
  "id": 11
}

00:04:29.381 [pool-2-thread-1] INFO  com.intuit.karate - [print] created id is:  11 
00:04:29.382 [pool-2-thread-4] INFO  com.intuit.karate - [print] request body:  {
  "name": "Bob Johnson",
  "username": "bobj",
  "email": "bob@work.net",
  "address": {
    "street": "Oak Avenue",
    "suite": "Apt. 7A",
    "city": "Lima",
    "zipcode": "22222-3333"
  }
}
 
00:04:29.385 [pool-2-thread-4] INFO  com.intuit.karate - [print] response:  {
  "name": "Bob Johnson",
  "username": "bobj",
  "email": "bob@work.net",
  "address": {
    "street": "Oak Avenue",
    "suite": "Apt. 7A",
    "city": "Lima",
    "zipcode": "22222-3333"
  },
  "id": 11
}
 
00:04:29.389 [pool-2-thread-4] INFO  com.intuit.karate - [print] created id is:  11 
00:04:29.513 [pool-2-thread-3] DEBUG com.intuit.karate - response time in milliseconds: 950
1 < 201
1 < Date: Fri, 22 Aug 2025 05:04:29 GMT
1 < Content-Type: application/json; charset=utf-8
1 < Content-Length: 216
1 < Connection: keep-alive
1 < Access-Control-Allow-Credentials: true
1 < Access-Control-Expose-Headers: Location
1 < Cache-Control: no-cache
1 < Etag: W/"d8-++GD30o/Hin3zroIPbg9/sHhHXg"
1 < Expires: -1
1 < Location: https://jsonplaceholder.typicode.com/users/11
1 < Nel: {"report_to":"heroku-nel","response_headers":["Via"],"max_age":3600,"success_fraction":0.01,"failure_fraction":0.1}
1 < Pragma: no-cache
1 < Report-To: {"group":"heroku-nel","endpoints":[{"url":"https://nel.heroku.com/reports?s=NKo%2Fo%2FdT%2BhW9C9ZXUy%2Bs3170b%2Fwbs5kyFSWen7rL0%2BU%3D\u0026sid=e11707d5-02a7-43ef-b45e-2cf4d2036f7d\u0026ts=1755839069"}],"max_age":3600}
1 < Reporting-Endpoints: heroku-nel="https://nel.heroku.com/reports?s=NKo%2Fo%2FdT%2BhW9C9ZXUy%2Bs3170b%2Fwbs5kyFSWen7rL0%2BU%3D&sid=e11707d5-02a7-43ef-b45e-2cf4d2036f7d&ts=1755839069"
1 < Server: cloudflare
1 < Vary: Origin, X-HTTP-Method-Override, Accept-Encoding
1 < Via: 2.0 heroku-router
1 < X-Content-Type-Options: nosniff
1 < X-Powered-By: Express
1 < X-Ratelimit-Limit: 1000
1 < X-Ratelimit-Remaining: 997
1 < X-Ratelimit-Reset: 1755839122
1 < Cf-Cache-Status: DYNAMIC
1 < Server-Timing: cfCacheStatus;desc="DYNAMIC"
1 < Server-Timing: cfEdge;dur=9,cfOrigin;dur=76
1 < CF-RAY: 972fd4657f04607d-ORD
1 < alt-svc: h3=":443"; ma=86400
{
  "name": "Alice Smith",
  "username": "alices",
  "email": "alice@mail.com",
  "address": {
    "street": "Maple Street",
    "suite": "Suite 45B",
    "city": "Lima",
    "zipcode": "11111-2222"
  },
  "id": 11
}

00:04:29.513 [pool-2-thread-5] DEBUG com.intuit.karate - response time in milliseconds: 950
1 < 201
1 < Date: Fri, 22 Aug 2025 05:04:29 GMT
1 < Content-Type: application/json; charset=utf-8
1 < Content-Length: 214
1 < Connection: keep-alive
1 < Access-Control-Allow-Credentials: true
1 < Access-Control-Expose-Headers: Location
1 < Cache-Control: no-cache
1 < Etag: W/"d6-XEZ+S344nNCUUY5Hwx2a0BaWvsE"
1 < Expires: -1
1 < Location: https://jsonplaceholder.typicode.com/users/11
1 < Nel: {"report_to":"heroku-nel","response_headers":["Via"],"max_age":3600,"success_fraction":0.01,"failure_fraction":0.1}
1 < Pragma: no-cache
1 < Report-To: {"group":"heroku-nel","endpoints":[{"url":"https://nel.heroku.com/reports?s=NKo%2Fo%2FdT%2BhW9C9ZXUy%2Bs3170b%2Fwbs5kyFSWen7rL0%2BU%3D\u0026sid=e11707d5-02a7-43ef-b45e-2cf4d2036f7d\u0026ts=1755839069"}],"max_age":3600}
1 < Reporting-Endpoints: heroku-nel="https://nel.heroku.com/reports?s=NKo%2Fo%2FdT%2BhW9C9ZXUy%2Bs3170b%2Fwbs5kyFSWen7rL0%2BU%3D&sid=e11707d5-02a7-43ef-b45e-2cf4d2036f7d&ts=1755839069"
1 < Server: cloudflare
1 < Vary: Origin, X-HTTP-Method-Override, Accept-Encoding
1 < Via: 2.0 heroku-router
1 < X-Content-Type-Options: nosniff
1 < X-Powered-By: Express
1 < X-Ratelimit-Limit: 1000
1 < X-Ratelimit-Remaining: 996
1 < X-Ratelimit-Reset: 1755839122
1 < Cf-Cache-Status: DYNAMIC
1 < Server-Timing: cfCacheStatus;desc="DYNAMIC"
1 < Server-Timing: cfEdge;dur=3,cfOrigin;dur=86
1 < CF-RAY: 972fd465ab421b44-CDG
1 < alt-svc: h3=":443"; ma=86400
{
  "name": "Carla Lopez",
  "username": "carlal",
  "email": "carla@example.org",
  "address": {
    "street": "Pine Road",
    "suite": "Block 9",
    "city": "Lima",
    "zipcode": "33333-4444"
  },
  "id": 11
}

00:04:29.519 [pool-2-thread-5] INFO  com.intuit.karate - [print] request body:  {
  "name": "Carla Lopez",
  "username": "carlal",
  "email": "carla@example.org",
  "address": {
    "street": "Pine Road",
    "suite": "Block 9",
    "city": "Lima",
    "zipcode": "33333-4444"
  }
}
 
00:04:29.521 [pool-2-thread-3] INFO  com.intuit.karate - [print] request body:  {
  "name": "Alice Smith",
  "username": "alices",
  "email": "alice@mail.com",
  "address": {
    "street": "Maple Street",
    "suite": "Suite 45B",
    "city": "Lima",
    "zipcode": "11111-2222"
  }
}
 
00:04:29.521 [pool-2-thread-5] INFO  com.intuit.karate - [print] response:  {
  "name": "Carla Lopez",
  "username": "carlal",
  "email": "carla@example.org",
  "address": {
    "street": "Pine Road",
    "suite": "Block 9",
    "city": "Lima",
    "zipcode": "33333-4444"
  },
  "id": 11
}
 
00:04:29.523 [pool-2-thread-3] INFO  com.intuit.karate - [print] response:  {
  "name": "Alice Smith",
  "username": "alices",
  "email": "alice@mail.com",
  "address": {
    "street": "Maple Street",
    "suite": "Suite 45B",
    "city": "Lima",
    "zipcode": "11111-2222"
  },
  "id": 11
}
 
00:04:29.524 [pool-2-thread-5] INFO  com.intuit.karate - [print] created id is:  11 
00:04:29.526 [pool-2-thread-3] INFO  com.intuit.karate - [print] created id is:  11 
00:04:29.759 [pool-2-thread-2] DEBUG com.intuit.karate - response time in milliseconds: 1196
1 < 201
1 < Date: Fri, 22 Aug 2025 05:04:29 GMT
1 < Content-Type: application/json; charset=utf-8
1 < Content-Length: 213
1 < Connection: keep-alive
1 < Access-Control-Allow-Credentials: true
1 < Access-Control-Expose-Headers: Location
1 < Cache-Control: no-cache
1 < Etag: W/"d5-lobPlkA2OG3FD/7HF6E+d2XgrU0"
1 < Expires: -1
1 < Location: https://jsonplaceholder.typicode.com/users/11
1 < Nel: {"report_to":"heroku-nel","response_headers":["Via"],"max_age":3600,"success_fraction":0.01,"failure_fraction":0.1}
1 < Pragma: no-cache
1 < Report-To: {"group":"heroku-nel","endpoints":[{"url":"https://nel.heroku.com/reports?s=NKo%2Fo%2FdT%2BhW9C9ZXUy%2Bs3170b%2Fwbs5kyFSWen7rL0%2BU%3D\u0026sid=e11707d5-02a7-43ef-b45e-2cf4d2036f7d\u0026ts=1755839069"}],"max_age":3600}
1 < Reporting-Endpoints: heroku-nel="https://nel.heroku.com/reports?s=NKo%2Fo%2FdT%2BhW9C9ZXUy%2Bs3170b%2Fwbs5kyFSWen7rL0%2BU%3D&sid=e11707d5-02a7-43ef-b45e-2cf4d2036f7d&ts=1755839069"
1 < Server: cloudflare
1 < Vary: Origin, X-HTTP-Method-Override, Accept-Encoding
1 < Via: 2.0 heroku-router
1 < X-Content-Type-Options: nosniff
1 < X-Powered-By: Express
1 < X-Ratelimit-Limit: 1000
1 < X-Ratelimit-Remaining: 995
1 < X-Ratelimit-Reset: 1755839122
1 < Cf-Cache-Status: DYNAMIC
1 < Server-Timing: cfCacheStatus;desc="DYNAMIC"
1 < Server-Timing: cfEdge;dur=4,cfOrigin;dur=255
1 < CF-RAY: 972fd465a929647a-CDG
1 < alt-svc: h3=":443"; ma=86400
{
  "name": "Test User",
  "username": "testuser",
  "email": "test@user.com",
  "address": {
    "street": "Has No Name",
    "suite": "Apt. 123",
    "city": "Lima",
    "zipcode": "54321-6789"
  },
  "id": 11
}

00:04:29.762 [pool-2-thread-2] INFO  com.intuit.karate - [print] request body:  {
  "name": "Test User",
  "username": "testuser",
  "email": "test@user.com",
  "address": {
    "street": "Has No Name",
    "suite": "Apt. 123",
    "city": "Lima",
    "zipcode": "54321-6789"
  }
}
 
00:04:29.764 [pool-2-thread-2] INFO  com.intuit.karate - [print] response:  {
  "name": "Test User",
  "username": "testuser",
  "email": "test@user.com",
  "address": {
    "street": "Has No Name",
    "suite": "Apt. 123",
    "city": "Lima",
    "zipcode": "54321-6789"
  },
  "id": 11
}
 
00:04:29.766 [pool-2-thread-2] INFO  com.intuit.karate - [print] created id is:  11 
00:04:30.798 [pool-3-thread-1] INFO  com.intuit.karate.Suite - <<fail>> feature 1 of 1 (0 remaining) classpath:bdd/users/users.feature
